geoid,name,universe,10_and_under,10_15,15_20,20_25,25_30,30_35,35_40,40_45,45_50,50_60,60_75,75_100,100_125,125_150,150_200,200_and_up,american indian area/alaska native area/hawaiian home land
0125,"Augustine Reservation, CA",0.0,0.0,0.0,0.0,0.0,0.0,0.0,0.0,0.0,0.0,0.0,0.0,0.0,0.0,0.0,0.0,0.0,0125
0155,"Barona Reservation, CA",22.0,1.0,1.0,2.0,0.0,0.0,0.0,0.0,0.0,0.0,2.0,1.0,1.0,7.0,2.0,0.0,5.0,0155
0185,"Benton Paiute Reservation and Off-Reservation Trust Land, CA",0.0,0.0,0.0,0.0,0.0,0.0,0.0,0.0,0.0,0.0,0.0,0.0,0.0,0.0,0.0,0.0,0.0,0185
0120,"Auburn Rancheria and Off-Reservation Trust Land, CA",0.0,0.0,0.0,0.0,0.0,0.0,0.0,0.0,0.0,0.0,0.0,0.0,0.0,0.0,0.0,0.0,0.0,0120
0115,"Aroostook Band of Micmac Trust Land, ME",14.0,3.0,4.0,0.0,3.0,0.0,0.0,1.0,0.0,0.0,2.0,1.0,0.0,0.0,0.0,0.0,0.0,0115
0165,"Battle Mountain Reservation and Off-Reservation Trust Land, NV",3.0,0.0,0.0,0.0,0.0,0.0,1.0,0.0,1.0,0.0,0.0,0.0,0.0,1.0,0.0,0.0,0.0,0165
0225,"Big Cypress Reservation, FL",6.0,0.0,0.0,0.0,0.0,0.0,0.0,0.0,0.0,0.0,0.0,0.0,0.0,0.0,0.0,6.0,0.0,0225
0290,"Bishop Reservation, CA",92.0,4.0,6.0,2.0,7.0,13.0,4.0,5.0,8.0,5.0,12.0,8.0,7.0,11.0,0.0,0.0,0.0,0290
0275,"Big Valley Rancheria, CA",4.0,0.0,0.0,0.0,0.0,2.0,0.0,0.0,0.0,0.0,0.0,0.0,0.0,0.0,2.0,0.0,0.0,0275
0200,"Berry Creek Rancheria and Off-Reservation Trust Land, CA",10.0,3.0,0.0,3.0,0.0,0.0,0.0,0.0,0.0,0.0,0.0,2.0,2.0,0.0,0.0,0.0,0.0,0200
0265,"Big Sandy Rancheria and Off-Reservation Trust Land, CA",1.0,0.0,0.0,0.0,0.0,0.0,0.0,0.0,0.0,0.0,0.0,0.0,0.0,1.0,0.0,0.0,0.0,0265
0495,"Capitan Grande Reservation, CA",0.0,0.0,0.0,0.0,0.0,0.0,0.0,0.0,0.0,0.0,0.0,0.0,0.0,0.0,0.0,0.0,0.0,0495
0250,"Big Pine Reservation, CA",30.0,3.0,0.0,7.0,4.0,5.0,3.0,0.0,0.0,0.0,4.0,2.0,0.0,2.0,0.0,0.0,0.0,0250
0140,"Bad River Reservation, WI",102.0,14.0,4.0,9.0,0.0,6.0,0.0,5.0,10.0,9.0,3.0,16.0,10.0,0.0,5.0,7.0,4.0,0140
0240,"Big Lagoon Rancheria, CA",2.0,0.0,1.0,0.0,1.0,0.0,0.0,0.0,0.0,0.0,0.0,0.0,0.0,0.0,0.0,0.0,0.0,0240
0110,"Annette Island Reserve, AK",66.0,6.0,0.0,5.0,0.0,0.0,0.0,0.0,4.0,0.0,0.0,4.0,17.0,10.0,0.0,20.0,0.0,0110
0170,"Bay Mills Reservation and Off-Reservation Trust Land, MI",34.0,0.0,2.0,0.0,0.0,0.0,2.0,3.0,2.0,3.0,10.0,0.0,9.0,0.0,0.0,3.0,0.0,0170
0350,"Bridgeport Reservation, CA",0.0,0.0,0.0,0.0,0.0,0.0,0.0,0.0,0.0,0.0,0.0,0.0,0.0,0.0,0.0,0.0,0.0,0350
0215,"Big Bend Rancheria, CA",0.0,0.0,0.0,0.0,0.0,0.0,0.0,0.0,0.0,0.0,0.0,0.0,0.0,0.0,0.0,0.0,0.0,0215
0360,"Brighton Reservation, FL",26.0,0.0,3.0,0.0,1.0,0.0,1.0,0.0,0.0,0.0,2.0,3.0,2.0,2.0,5.0,3.0,4.0,0360
0305,"Blackfeet Indian Reservation and Off-Reservation Trust Land, MT",442.0,36.0,19.0,47.0,41.0,16.0,40.0,3.0,18.0,2.0,29.0,24.0,46.0,18.0,52.0,44.0,7.0,0305
0325,"Blue Lake Rancheria and Off-Reservation Trust Land, CA",21.0,0.0,0.0,3.0,0.0,0.0,0.0,0.0,0.0,1.0,3.0,9.0,5.0,0.0,0.0,0.0,0.0,0325
0335,"Bois Forte Reservation and Off-Reservation Trust Land, MN",91.0,1.0,7.0,3.0,8.0,3.0,9.0,4.0,3.0,0.0,10.0,13.0,8.0,8.0,10.0,4.0,0.0,0335
0400,"Burns Paiute Indian Colony and Off-Reservation Trust Land, OR",2.0,0.0,2.0,0.0,0.0,0.0,0.0,0.0,0.0,0.0,0.0,0.0,0.0,0.0,0.0,0.0,0.0,0400
0450,"Campo Indian Reservation, CA",16.0,4.0,2.0,4.0,0.0,0.0,0.0,0.0,0.0,0.0,0.0,2.0,2.0,0.0,2.0,0.0,0.0,0450
0435,"Cahuilla Reservation, CA",0.0,0.0,0.0,0.0,0.0,0.0,0.0,0.0,0.0,0.0,0.0,0.0,0.0,0.0,0.0,0.0,0.0,0435
0080,"Allegany Reservation, NY",1580.0,168.0,200.0,158.0,142.0,96.0,113.0,81.0,82.0,74.0,94.0,156.0,108.0,59.0,27.0,13.0,9.0,0080
0510,"Carson Colony, NV",2.0,2.0,0.0,0.0,0.0,0.0,0.0,0.0,0.0,0.0,0.0,0.0,0.0,0.0,0.0,0.0,0.0,0510
0440,"Campbell Ranch, NV",7.0,0.0,0.0,3.0,1.0,0.0,0.0,3.0,0.0,0.0,0.0,0.0,0.0,0.0,0.0,0.0,0.0,0440
0415,"Cabazon Reservation, CA",4.0,0.0,0.0,0.0,0.0,0.0,0.0,0.0,0.0,0.0,0.0,1.0,3.0,0.0,0.0,0.0,0.0,0415
0020,"Agua Caliente Indian Reservation and Off-Reservation Trust Land, CA",11421.0,668.0,609.0,679.0,681.0,682.0,624.0,498.0,519.0,409.0,885.0,1073.0,1204.0,766.0,620.0,657.0,847.0,0020
0050,"Alabama-Coushatta Reservation and Off-Reservation Trust Land, TX",0.0,0.0,0.0,0.0,0.0,0.0,0.0,0.0,0.0,0.0,0.0,0.0,0.0,0.0,0.0,0.0,0.0,0050
0095,"Alturas Indian Rancheria, CA",0.0,0.0,0.0,0.0,0.0,0.0,0.0,0.0,0.0,0.0,0.0,0.0,0.0,0.0,0.0,0.0,0.0,0095
0010,"Acoma Pueblo and Off-Reservation Trust Land, NM",10.0,0.0,0.0,0.0,0.0,0.0,0.0,6.0,0.0,0.0,0.0,0.0,0.0,0.0,4.0,0.0,0.0,0010
0525,"Catawba Reservation, SC",66.0,11.0,3.0,5.0,0.0,5.0,7.0,10.0,7.0,2.0,7.0,4.0,2.0,3.0,0.0,0.0,0.0,0525
0555,"Cedarville Rancheria and Off-Reservation Trust Land, CA",2.0,0.0,0.0,1.0,1.0,0.0,0.0,0.0,0.0,0.0,0.0,0.0,0.0,0.0,0.0,0.0,0.0,0555
0560,"Celilo Village Trust Land, OR",0.0,0.0,0.0,0.0,0.0,0.0,0.0,0.0,0.0,0.0,0.0,0.0,0.0,0.0,0.0,0.0,0.0,0560
0540,"Cattaraugus Reservation, NY",44.0,13.0,6.0,0.0,0.0,0.0,0.0,7.0,6.0,6.0,0.0,6.0,0.0,0.0,0.0,0.0,0.0,0540
0575,"Chehalis Reservation and Off-Reservation Trust Land, WA",151.0,10.0,10.0,1.0,4.0,2.0,6.0,0.0,6.0,3.0,10.0,5.0,24.0,2.0,6.0,62.0,0.0,0575
0635,"Chitimacha Reservation, LA",67.0,2.0,3.0,3.0,3.0,8.0,1.0,15.0,5.0,7.0,5.0,1.0,7.0,2.0,2.0,3.0,0.0,0635
0605,"Cheyenne River Reservation and Off-Reservation Trust Land, SD",733.0,43.0,37.0,18.0,23.0,14.0,44.0,46.0,51.0,42.0,47.0,90.0,110.0,82.0,30.0,30.0,26.0,0605
0695,"Cocopah Reservation, AZ",262.0,14.0,16.0,11.0,13.0,20.0,18.0,26.0,11.0,10.0,19.0,30.0,44.0,18.0,8.0,4.0,0.0,0695
0720,"Cold Springs Rancheria, CA",0.0,0.0,0.0,0.0,0.0,0.0,0.0,0.0,0.0,0.0,0.0,0.0,0.0,0.0,0.0,0.0,0.0,0720
0750,"Colusa Rancheria, CA",0.0,0.0,0.0,0.0,0.0,0.0,0.0,0.0,0.0,0.0,0.0,0.0,0.0,0.0,0.0,0.0,0.0,0750
0775,"Coquille Reservation, OR",103.0,10.0,14.0,10.0,19.0,10.0,11.0,4.0,1.0,2.0,2.0,6.0,2.0,4.0,2.0,2.0,4.0,0775
0585,"Chemehuevi Reservation, CA",32.0,0.0,9.0,3.0,4.0,2.0,3.0,2.0,2.0,0.0,2.0,1.0,0.0,0.0,0.0,4.0,0.0,0585
0620,"Chicken Ranch Rancheria and Off-Reservation Trust Land, CA",0.0,0.0,0.0,0.0,0.0,0.0,0.0,0.0,0.0,0.0,0.0,0.0,0.0,0.0,0.0,0.0,0.0,0620
0680,"Pueblo de Cochiti, NM",229.0,26.0,5.0,10.0,11.0,8.0,15.0,8.0,13.0,11.0,29.0,31.0,29.0,19.0,5.0,4.0,5.0,0680
0690,"Coconut Creek Trust Land, FL",0.0,0.0,0.0,0.0,0.0,0.0,0.0,0.0,0.0,0.0,0.0,0.0,0.0,0.0,0.0,0.0,0.0,0690
0735,"Colorado River Indian Reservation, AZ--CA",1333.0,77.0,110.0,128.0,134.0,75.0,108.0,76.0,74.0,34.0,92.0,150.0,126.0,78.0,23.0,33.0,15.0,0735
0780,"Cortina Indian Rancheria, CA",2.0,0.0,0.0,0.0,0.0,0.0,0.0,0.0,0.0,0.0,0.0,0.0,0.0,2.0,0.0,0.0,0.0,0780
0795,"Coushatta Reservation and Off-Reservation Trust Land, LA",2.0,0.0,0.0,0.0,0.0,0.0,0.0,0.0,0.0,0.0,0.0,0.0,0.0,2.0,0.0,0.0,0.0,0795
0770,"Coos, Lower Umpqua, and Siuslaw Reservation and Off-Reservation Trust Land, OR",5.0,0.0,2.0,2.0,0.0,0.0,0.0,0.0,1.0,0.0,0.0,0.0,0.0,0.0,0.0,0.0,0.0,0770
0760,"Colville Reservation and Off-Reservation Trust Land, WA",1087.0,63.0,149.0,68.0,30.0,76.0,75.0,41.0,71.0,95.0,110.0,102.0,66.0,79.0,15.0,35.0,12.0,0760
0705,"Coeur d'Alene Reservation, ID",2348.0,131.0,159.0,97.0,150.0,126.0,163.0,115.0,167.0,131.0,190.0,288.0,280.0,145.0,66.0,72.0,68.0,0705
0855,"Crow Creek Reservation, SD",50.0,0.0,2.0,0.0,4.0,0.0,4.0,0.0,3.0,0.0,9.0,9.0,0.0,11.0,5.0,3.0,0.0,0855
0845,"Crow Reservation and Off-Reservation Trust Land, MT",483.0,10.0,13.0,23.0,40.0,29.0,24.0,33.0,21.0,19.0,42.0,63.0,71.0,41.0,17.0,16.0,21.0,0845
0825,"Coyote Valley Reservation, CA",0.0,0.0,0.0,0.0,0.0,0.0,0.0,0.0,0.0,0.0,0.0,0.0,0.0,0.0,0.0,0.0,0.0,0825
0975,"Duckwater Reservation, NV",8.0,0.0,2.0,0.0,0.0,1.0,0.0,2.0,0.0,0.0,0.0,2.0,0.0,0.0,0.0,1.0,0.0,0975
0965,"Duck Valley Reservation, NV--ID",41.0,0.0,0.0,0.0,0.0,8.0,4.0,3.0,3.0,0.0,0.0,16.0,0.0,0.0,4.0,0.0,3.0,0965
0990,"Eastern Cherokee Reservation, NC",547.0,57.0,25.0,80.0,34.0,34.0,62.0,27.0,25.0,8.0,51.0,23.0,22.0,65.0,21.0,13.0,0.0,0990
0940,"Dresslerville Colony, NV",4.0,0.0,2.0,0.0,0.0,0.0,0.0,0.0,0.0,0.0,0.0,0.0,2.0,0.0,0.0,0.0,0.0,0940
1125,"Fond du Lac Reservation and Off-Reservation Trust Land, MN--WI",857.0,54.0,30.0,16.0,31.0,26.0,29.0,42.0,35.0,27.0,97.0,122.0,131.0,86.0,52.0,39.0,40.0,1125
1110,"Flathead Reservation, MT",8139.0,676.0,629.0,538.0,482.0,594.0,644.0,341.0,482.0,376.0,633.0,678.0,789.0,534.0,258.0,158.0,327.0,1110
1185,"Fort Hall Reservation and Off-Reservation Trust Land, ID",691.0,41.0,6.0,25.0,35.0,22.0,60.0,71.0,40.0,61.0,65.0,88.0,68.0,53.0,36.0,10.0,10.0,1185
1135,"Forest County Potawatomi Community and Off-Reservation Trust Land, WI",17.0,2.0,2.0,0.0,0.0,0.0,2.0,2.0,2.0,0.0,2.0,2.0,1.0,0.0,0.0,1.0,1.0,1135
1150,"Fort Belknap Reservation and Off-Reservation Trust Land, MT",49.0,5.0,4.0,0.0,0.0,22.0,0.0,2.0,0.0,6.0,9.0,0.0,1.0,0.0,0.0,0.0,0.0,1150
1195,"Fort Independence Reservation, CA",14.0,0.0,0.0,1.0,3.0,1.0,0.0,0.0,0.0,1.0,2.0,3.0,1.0,0.0,2.0,0.0,0.0,1195
1100,"Flandreau Reservation, SD",10.0,0.0,2.0,0.0,0.0,2.0,1.0,0.0,3.0,0.0,0.0,0.0,2.0,0.0,0.0,0.0,0.0,1100
1160,"Fort Berthold Reservation, ND",787.0,34.0,19.0,26.0,22.0,21.0,28.0,17.0,26.0,14.0,54.0,87.0,172.0,42.0,77.0,70.0,78.0,1160
1040,"Ely Reservation, NV",10.0,0.0,0.0,1.0,0.0,2.0,0.0,0.0,0.0,0.0,0.0,2.0,3.0,2.0,0.0,0.0,0.0,1040
1005,"Elko Colony, NV",11.0,2.0,0.0,0.0,0.0,0.0,0.0,0.0,0.0,0.0,0.0,3.0,2.0,3.0,1.0,0.0,0.0,1005
1075,"Fallon Paiute-Shoshone Reservation and Off-Reservation Trust Land, NV",16.0,0.0,1.0,0.0,0.0,6.0,1.0,0.0,2.0,0.0,0.0,1.0,2.0,3.0,0.0,0.0,0.0,1075
1055,"Enterprise Rancheria, CA",0.0,0.0,0.0,0.0,0.0,0.0,0.0,0.0,0.0,0.0,0.0,0.0,0.0,0.0,0.0,0.0,0.0,1055
1260,"Fort Pierce Reservation, FL",0.0,0.0,0.0,0.0,0.0,0.0,0.0,0.0,0.0,0.0,0.0,0.0,0.0,0.0,0.0,0.0,0.0,1260
1235,"Fort Mojave Reservation and Off-Reservation Trust Land, AZ--CA--NV",326.0,10.0,11.0,11.0,26.0,22.0,19.0,23.0,22.0,14.0,43.0,38.0,47.0,26.0,6.0,4.0,4.0,1235
1395,"Grindstone Indian Rancheria, CA",6.0,0.0,3.0,0.0,0.0,0.0,3.0,0.0,0.0,0.0,0.0,0.0,0.0,0.0,0.0,0.0,0.0,1395
0815,"Cow Creek Reservation and Off-Reservation Trust Land, OR",22.0,0.0,3.0,1.0,0.0,0.0,0.0,0.0,6.0,4.0,4.0,1.0,3.0,0.0,0.0,0.0,0.0,0815
0820,"Cowlitz Reservation, WA",0.0,0.0,0.0,0.0,0.0,0.0,0.0,0.0,0.0,0.0,0.0,0.0,0.0,0.0,0.0,0.0,0.0,0820
0955,"Dry Creek Rancheria and Off-Reservation Trust Land, CA",0.0,0.0,0.0,0.0,0.0,0.0,0.0,0.0,0.0,0.0,0.0,0.0,0.0,0.0,0.0,0.0,0.0,0955
1170,"Fort Bidwell Reservation and Off-Reservation Trust Land, CA",2.0,2.0,0.0,0.0,0.0,0.0,0.0,0.0,0.0,0.0,0.0,0.0,0.0,0.0,0.0,0.0,0.0,1170
1140,"Fort Apache Reservation, AZ",144.0,9.0,0.0,0.0,2.0,6.0,8.0,16.0,0.0,5.0,17.0,11.0,25.0,38.0,5.0,2.0,0.0,1140
1070,"Fallon Paiute-Shoshone Colony and Off-Reservation Trust Land, NV",0.0,0.0,0.0,0.0,0.0,0.0,0.0,0.0,0.0,0.0,0.0,0.0,0.0,0.0,0.0,0.0,0.0,1070
1010,"Elk Valley Rancheria and Off-Reservation Trust Land, CA",19.0,0.0,0.0,3.0,1.0,0.0,0.0,0.0,1.0,2.0,7.0,3.0,0.0,0.0,0.0,2.0,0.0,1010
1065,"Ewiiaapaayp Reservation, CA",0.0,0.0,0.0,0.0,0.0,0.0,0.0,0.0,0.0,0.0,0.0,0.0,0.0,0.0,0.0,0.0,0.0,1065
1210,"Fort McDermitt Indian Reservation, NV--OR",4.0,2.0,0.0,0.0,0.0,0.0,0.0,0.0,0.0,0.0,0.0,2.0,0.0,0.0,0.0,0.0,0.0,1210
1220,"Fort McDowell Yavapai Nation Reservation, AZ",10.0,0.0,0.0,2.0,0.0,0.0,0.0,0.0,0.0,0.0,4.0,3.0,0.0,1.0,0.0,0.0,0.0,1220
1250,"Fort Peck Indian Reservation and Off-Reservation Trust Land, MT",1237.0,67.0,103.0,28.0,67.0,75.0,67.0,30.0,87.0,44.0,113.0,150.0,145.0,109.0,47.0,75.0,30.0,1250
1280,"Fort Yuma Indian Reservation, CA--AZ",37.0,0.0,10.0,13.0,0.0,0.0,4.0,0.0,0.0,0.0,3.0,4.0,3.0,0.0,0.0,0.0,0.0,1280
1270,"Fort Sill Apache Indian Reservation, NM",0.0,0.0,0.0,0.0,0.0,0.0,0.0,0.0,0.0,0.0,0.0,0.0,0.0,0.0,0.0,0.0,0.0,1270
1310,"Gila River Indian Reservation, AZ",75.0,13.0,14.0,0.0,0.0,17.0,0.0,2.0,0.0,10.0,0.0,0.0,5.0,14.0,0.0,0.0,0.0,1310
1365,"Grand Ronde Community, OR",25.0,4.0,0.0,0.0,0.0,4.0,0.0,0.0,2.0,4.0,1.0,0.0,3.0,6.0,0.0,1.0,0.0,1365
1355,"Grand Portage Reservation and Off-Reservation Trust Land, MN",61.0,0.0,0.0,1.0,3.0,4.0,7.0,4.0,4.0,2.0,12.0,11.0,10.0,3.0,0.0,0.0,0.0,1355
1380,"Greenville Rancheria, CA",6.0,0.0,0.0,0.0,0.0,0.0,1.0,0.0,0.0,0.0,3.0,2.0,0.0,0.0,0.0,0.0,0.0,1380
1340,"Goshute Reservation, NV--UT",4.0,0.0,0.0,0.0,0.0,2.0,0.0,0.0,0.0,0.0,0.0,2.0,0.0,0.0,0.0,0.0,0.0,1340
1370,"Grand Traverse Reservation and Off-Reservation Trust Land, MI",31.0,3.0,0.0,0.0,2.0,2.0,0.0,3.0,8.0,2.0,2.0,5.0,1.0,1.0,2.0,0.0,0.0,1370
1440,"Havasupai Reservation, AZ",0.0,0.0,0.0,0.0,0.0,0.0,0.0,0.0,0.0,0.0,0.0,0.0,0.0,0.0,0.0,0.0,0.0,1440
1475,"Hollywood Reservation, FL",112.0,10.0,6.0,17.0,9.0,6.0,6.0,10.0,3.0,7.0,6.0,0.0,11.0,5.0,4.0,2.0,10.0,1475
1490,"Hoopa Valley Reservation, CA",124.0,25.0,10.0,9.0,5.0,16.0,8.0,17.0,17.0,8.0,0.0,0.0,0.0,9.0,0.0,0.0,0.0,1490
1400,"Guidiville Rancheria and Off-Reservation Trust Land, CA",0.0,0.0,0.0,0.0,0.0,0.0,0.0,0.0,0.0,0.0,0.0,0.0,0.0,0.0,0.0,0.0,0.0,1400
1505,"Hopi Reservation and Off-Reservation Trust Land, AZ",64.0,16.0,0.0,0.0,0.0,0.0,9.0,0.0,0.0,0.0,0.0,11.0,0.0,0.0,0.0,28.0,0.0,1505
1515,"Hopland Rancheria, CA",14.0,3.0,0.0,0.0,2.0,0.0,0.0,0.0,0.0,0.0,5.0,2.0,0.0,0.0,0.0,2.0,0.0,1515
1410,"Hannahville Indian Community and Off-Reservation Trust Land, MI",12.0,0.0,0.0,0.0,0.0,2.0,0.0,0.0,1.0,1.0,2.0,4.0,2.0,0.0,0.0,0.0,0.0,1410
1450,"Ho-Chunk Nation Reservation and Off-Reservation Trust Land, WI--MN",37.0,2.0,2.0,1.0,2.0,0.0,0.0,5.0,4.0,2.0,3.0,5.0,0.0,9.0,0.0,2.0,0.0,1450
1460,"Hoh Indian Reservation and Off-Reservation Trust Land, WA",1.0,0.0,0.0,0.0,0.0,0.0,0.0,0.0,0.0,0.0,1.0,0.0,0.0,0.0,0.0,0.0,0.0,1460
1545,"Hualapai Indian Reservation and Off-Reservation Trust Land, AZ",28.0,3.0,16.0,2.0,0.0,0.0,0.0,1.0,0.0,1.0,0.0,0.0,3.0,0.0,2.0,0.0,0.0,1545
1590,"Iowa (KS-NE) Reservation and Off-Reservation Trust Land, KS--NE",25.0,2.0,1.0,2.0,2.0,1.0,5.0,0.0,1.0,1.0,2.0,2.0,5.0,1.0,0.0,0.0,0.0,1590
1550,"Huron Potawatomi Reservation and Off-Reservation Trust Land, MI",4.0,0.0,0.0,0.0,3.0,0.0,0.0,0.0,0.0,0.0,0.0,0.0,0.0,0.0,1.0,0.0,0.0,1550
1530,"Houlton Maliseet Reservation and Off-Reservation Trust Land, ME",10.0,0.0,0.0,0.0,2.0,0.0,0.0,0.0,0.0,2.0,0.0,2.0,4.0,0.0,0.0,0.0,0.0,1530
1555,"Immokalee Reservation, FL",0.0,0.0,0.0,0.0,0.0,0.0,0.0,0.0,0.0,0.0,0.0,0.0,0.0,0.0,0.0,0.0,0.0,1555
1575,"Indian Township Reservation, ME",15.0,0.0,3.0,6.0,0.0,0.0,0.0,0.0,0.0,0.0,0.0,3.0,3.0,0.0,0.0,0.0,0.0,1575
1560,"Inaja and Cosmit Reservation, CA",0.0,0.0,0.0,0.0,0.0,0.0,0.0,0.0,0.0,0.0,0.0,0.0,0.0,0.0,0.0,0.0,0.0,1560
1655,"Jamestown S'Klallam Reservation and Off-Reservation Trust Land, WA",2.0,0.0,0.0,0.0,0.0,0.0,0.0,2.0,0.0,0.0,0.0,0.0,0.0,0.0,0.0,0.0,0.0,1655
1685,"Jemez Pueblo, NM",0.0,0.0,0.0,0.0,0.0,0.0,0.0,0.0,0.0,0.0,0.0,0.0,0.0,0.0,0.0,0.0,0.0,1685
1670,"Jamul Indian Village, CA",0.0,0.0,0.0,0.0,0.0,0.0,0.0,0.0,0.0,0.0,0.0,0.0,0.0,0.0,0.0,0.0,0.0,1670
1640,"Jackson Rancheria, CA",0.0,0.0,0.0,0.0,0.0,0.0,0.0,0.0,0.0,0.0,0.0,0.0,0.0,0.0,0.0,0.0,0.0,1640
1625,"Isleta Pueblo, NM",26.0,5.0,0.0,5.0,0.0,0.0,0.0,0.0,0.0,0.0,0.0,3.0,13.0,0.0,0.0,0.0,0.0,1625
1775,"Kickapoo (TX) Reservation, TX",0.0,0.0,0.0,0.0,0.0,0.0,0.0,0.0,0.0,0.0,0.0,0.0,0.0,0.0,0.0,0.0,0.0,1775
1785,"Klamath Reservation, OR",5.0,0.0,3.0,0.0,1.0,0.0,0.0,0.0,1.0,0.0,0.0,0.0,0.0,0.0,0.0,0.0,0.0,1785
1770,"Kickapoo (KS) Reservation, KS",1420.0,79.0,73.0,88.0,84.0,98.0,96.0,103.0,83.0,72.0,132.0,165.0,179.0,98.0,16.0,26.0,28.0,1770
1750,"Karuk Reservation and Off-Reservation Trust Land, CA",16.0,2.0,2.0,0.0,3.0,0.0,3.0,0.0,0.0,0.0,1.0,3.0,0.0,0.0,0.0,2.0,0.0,1750
1895,"La Posta Indian Reservation, CA",7.0,0.0,0.0,0.0,0.0,0.0,0.0,0.0,0.0,0.0,0.0,1.0,0.0,0.0,0.0,6.0,0.0,1895
1610,"Isabella Reservation, MI",9365.0,733.0,486.0,464.0,507.0,510.0,527.0,551.0,525.0,428.0,843.0,963.0,1075.0,721.0,413.0,342.0,277.0,1610
1690,"Jena Band of Choctaw Reservation, LA",0.0,0.0,0.0,0.0,0.0,0.0,0.0,0.0,0.0,0.0,0.0,0.0,0.0,0.0,0.0,0.0,0.0,1690
1720,"Kaibab Indian Reservation, AZ",13.0,0.0,11.0,0.0,0.0,0.0,0.0,2.0,0.0,0.0,0.0,0.0,0.0,0.0,0.0,0.0,0.0,1720
1735,"Kalispel Reservation and Off-Reservation Trust Land, WA",3.0,0.0,0.0,0.0,0.0,3.0,0.0,0.0,0.0,0.0,0.0,0.0,0.0,0.0,0.0,0.0,0.0,1735
1700,"Jicarilla Apache Nation Reservation and Off-Reservation Trust Land, NM",53.0,0.0,9.0,0.0,9.0,0.0,11.0,0.0,0.0,0.0,7.0,0.0,17.0,0.0,0.0,0.0,0.0,1700
1800,"Kootenai Reservation and Off-Reservation Trust Land, ID",0.0,0.0,0.0,0.0,0.0,0.0,0.0,0.0,0.0,0.0,0.0,0.0,0.0,0.0,0.0,0.0,0.0,1800
1860,"Lake Traverse Reservation and Off-Reservation Trust Land, SD--ND",2576.0,69.0,118.0,196.0,118.0,144.0,180.0,137.0,76.0,86.0,188.0,362.0,320.0,251.0,90.0,142.0,99.0,1860
1850,"La Jolla Reservation, CA",12.0,0.0,3.0,0.0,0.0,0.0,3.0,0.0,0.0,0.0,0.0,2.0,0.0,4.0,0.0,0.0,0.0,1850
1815,"Lac Courte Oreilles Reservation and Off-Reservation Trust Land, WI",281.0,19.0,6.0,30.0,17.0,27.0,17.0,4.0,35.0,15.0,25.0,22.0,17.0,13.0,8.0,14.0,12.0,1815
1825,"Lac du Flambeau Reservation, WI",711.0,34.0,18.0,37.0,22.0,52.0,36.0,42.0,41.0,43.0,74.0,58.0,68.0,68.0,19.0,43.0,56.0,1825
1830,"Lac Vieux Desert Reservation, MI",0.0,0.0,0.0,0.0,0.0,0.0,0.0,0.0,0.0,0.0,0.0,0.0,0.0,0.0,0.0,0.0,0.0,1830
1840,"Laguna Pueblo and Off-Reservation Trust Land, NM",0.0,0.0,0.0,0.0,0.0,0.0,0.0,0.0,0.0,0.0,0.0,0.0,0.0,0.0,0.0,0.0,0.0,1840
1880,"L'Anse Reservation and Off-Reservation Trust Land, MI",996.0,66.0,56.0,67.0,62.0,53.0,38.0,45.0,68.0,68.0,108.0,106.0,126.0,74.0,26.0,6.0,27.0,1880
1925,"Laytonville Rancheria, CA",4.0,0.0,0.0,0.0,0.0,0.0,0.0,2.0,2.0,0.0,0.0,0.0,0.0,0.0,0.0,0.0,0.0,1925
1970,"Lone Pine Reservation, CA",11.0,0.0,5.0,2.0,1.0,0.0,1.0,0.0,0.0,0.0,0.0,0.0,2.0,0.0,0.0,0.0,0.0,1970
1940,"Leech Lake Reservation and Off-Reservation Trust Land, MN",2533.0,101.0,117.0,123.0,144.0,137.0,151.0,136.0,133.0,128.0,275.0,319.0,348.0,162.0,92.0,102.0,65.0,1940
1995,"Los Coyotes Reservation, CA",2.0,0.0,0.0,2.0,0.0,0.0,0.0,0.0,0.0,0.0,0.0,0.0,0.0,0.0,0.0,0.0,0.0,1995
1955,"Likely Rancheria, CA",0.0,0.0,0.0,0.0,0.0,0.0,0.0,0.0,0.0,0.0,0.0,0.0,0.0,0.0,0.0,0.0,0.0,1955
1980,"Lookout Rancheria, CA",1.0,0.0,0.0,0.0,0.0,0.0,0.0,0.0,0.0,0.0,0.0,0.0,1.0,0.0,0.0,0.0,0.0,1980
2075,"Lytton Rancheria, CA",0.0,0.0,0.0,0.0,0.0,0.0,0.0,0.0,0.0,0.0,0.0,0.0,0.0,0.0,0.0,0.0,0.0,2075
1915,"Las Vegas Indian Colony, NV",0.0,0.0,0.0,0.0,0.0,0.0,0.0,0.0,0.0,0.0,0.0,0.0,0.0,0.0,0.0,0.0,0.0,1915
1963,"Little Traverse Bay Reservation and Off-Reservation Trust Land, MI",3.0,0.0,0.0,0.0,0.0,0.0,0.0,1.0,0.0,0.0,0.0,0.0,0.0,0.0,0.0,2.0,0.0,1963
1960,"Little River Reservation and Off-Reservation Trust Land, MI",3.0,0.0,0.0,0.0,0.0,0.0,1.0,2.0,0.0,0.0,0.0,0.0,0.0,0.0,0.0,0.0,0.0,1960
2015,"Lovelock Indian Colony, NV",4.0,2.0,0.0,0.0,0.0,0.0,0.0,0.0,0.0,0.0,0.0,0.0,2.0,0.0,0.0,0.0,0.0,2015
2055,"Lower Sioux Indian Community, MN",12.0,0.0,0.0,0.0,2.0,1.0,0.0,0.0,0.0,0.0,7.0,1.0,1.0,0.0,0.0,0.0,0.0,2055
2085,"Makah Indian Reservation, WA",59.0,0.0,3.0,0.0,10.0,7.0,7.0,0.0,0.0,4.0,7.0,10.0,0.0,8.0,3.0,0.0,0.0,2085
2070,"Lummi Reservation, WA",920.0,45.0,27.0,25.0,64.0,33.0,49.0,32.0,36.0,28.0,101.0,82.0,116.0,131.0,59.0,49.0,43.0,2070
2030,"Lower Brule Reservation and Off-Reservation Trust Land, SD",40.0,7.0,2.0,0.0,0.0,2.0,4.0,0.0,4.0,2.0,9.0,2.0,2.0,2.0,0.0,0.0,4.0,2030
2040,"Lower Elwha Reservation and Off-Reservation Trust Land, WA",15.0,1.0,1.0,0.0,6.0,1.0,0.0,2.0,0.0,4.0,0.0,0.0,0.0,0.0,0.0,0.0,0.0,2040
2150,"Match-e-be-nash-she-wish Band of Pottawatomi Reservation, MI",0.0,0.0,0.0,0.0,0.0,0.0,0.0,0.0,0.0,0.0,0.0,0.0,0.0,0.0,0.0,0.0,0.0,2150
2145,"Mashantucket Pequot Reservation, CT",0.0,0.0,0.0,0.0,0.0,0.0,0.0,0.0,0.0,0.0,0.0,0.0,0.0,0.0,0.0,0.0,0.0,2145
2175,"Menominee Reservation, WI",38.0,5.0,4.0,0.0,0.0,0.0,8.0,0.0,4.0,0.0,6.0,0.0,5.0,0.0,0.0,6.0,0.0,2175
2115,"Manzanita Reservation and Off-Reservation Trust Land, CA",0.0,0.0,0.0,0.0,0.0,0.0,0.0,0.0,0.0,0.0,0.0,0.0,0.0,0.0,0.0,0.0,0.0,2115
2100,"Manchester-Point Arena Rancheria, CA",3.0,0.0,1.0,0.0,0.0,0.0,0.0,0.0,0.0,2.0,0.0,0.0,0.0,0.0,0.0,0.0,0.0,2100
2130,"Maricopa (Ak Chin) Indian Reservation and Off-Reservation Trust Land, AZ",4.0,0.0,0.0,0.0,0.0,0.0,0.0,0.0,0.0,2.0,2.0,0.0,0.0,0.0,0.0,0.0,0.0,2130
2190,"Mesa Grande Reservation, CA",0.0,0.0,0.0,0.0,0.0,0.0,0.0,0.0,0.0,0.0,0.0,0.0,0.0,0.0,0.0,0.0,0.0,2190
2340,"Mooretown Rancheria and Off-Reservation Trust Land, CA",9.0,0.0,0.0,0.0,1.0,5.0,0.0,0.0,0.0,1.0,0.0,1.0,1.0,0.0,0.0,0.0,0.0,2340
2300,"Mississippi Choctaw Reservation, MS",17.0,0.0,0.0,0.0,0.0,0.0,0.0,0.0,0.0,0.0,0.0,7.0,0.0,0.0,0.0,0.0,10.0,2300
2315,"Moapa River Indian Reservation, NV",5.0,0.0,2.0,0.0,0.0,0.0,2.0,0.0,0.0,0.0,0.0,1.0,0.0,0.0,0.0,0.0,0.0,2315
2360,"Morongo Reservation and Off-Reservation Trust Land, CA",77.0,12.0,0.0,7.0,3.0,0.0,4.0,3.0,7.0,3.0,29.0,2.0,3.0,0.0,0.0,2.0,2.0,2360
2320,"Mohegan Reservation and Off-Reservation Trust Land, CT",29.0,0.0,10.0,0.0,2.0,0.0,0.0,15.0,0.0,0.0,0.0,0.0,0.0,0.0,2.0,0.0,0.0,2320
2375,"Muckleshoot Reservation and Off-Reservation Trust Land, WA",825.0,49.0,46.0,43.0,58.0,30.0,51.0,39.0,41.0,30.0,73.0,96.0,105.0,72.0,33.0,39.0,20.0,2375
2330,"Montgomery Creek Rancheria, CA",0.0,0.0,0.0,0.0,0.0,0.0,0.0,0.0,0.0,0.0,0.0,0.0,0.0,0.0,0.0,0.0,0.0,2330
2205,"Mescalero Reservation, NM",21.0,0.0,5.0,0.0,5.0,0.0,0.0,0.0,0.0,0.0,0.0,4.0,3.0,4.0,0.0,0.0,0.0,2205
2255,"Middletown Rancheria, CA",0.0,0.0,0.0,0.0,0.0,0.0,0.0,0.0,0.0,0.0,0.0,0.0,0.0,0.0,0.0,0.0,0.0,2255
2270,"Mille Lacs Reservation and Off-Reservation Trust Land, MN",1293.0,116.0,106.0,78.0,78.0,105.0,80.0,92.0,67.0,60.0,116.0,127.0,112.0,80.0,29.0,26.0,21.0,2270
2285,"Minnesota Chippewa Trust Land, MN",0.0,0.0,0.0,0.0,0.0,0.0,0.0,0.0,0.0,0.0,0.0,0.0,0.0,0.0,0.0,0.0,0.0,2285
2560,"Oneida (WI) Reservation and Off-Reservation Trust Land, WI",7303.0,177.0,213.0,247.0,271.0,161.0,306.0,327.0,237.0,265.0,516.0,849.0,1198.0,859.0,554.0,532.0,591.0,2560
2580,"Ontonagon Reservation, MI",0.0,0.0,0.0,0.0,0.0,0.0,0.0,0.0,0.0,0.0,0.0,0.0,0.0,0.0,0.0,0.0,0.0,2580
2550,"Omaha Reservation, NE--IA",970.0,63.0,38.0,34.0,49.0,31.0,40.0,38.0,52.0,45.0,69.0,149.0,124.0,77.0,63.0,53.0,45.0,2550
2595,"Osage Reservation, OK",12533.0,939.0,722.0,723.0,855.0,557.0,784.0,726.0,590.0,528.0,1042.0,1215.0,1566.0,994.0,538.0,508.0,246.0,2595
2535,"Oil Springs Reservation, NY",0.0,0.0,0.0,0.0,0.0,0.0,0.0,0.0,0.0,0.0,0.0,0.0,0.0,0.0,0.0,0.0,0.0,2535
2415,"Narragansett Reservation, RI",0.0,0.0,0.0,0.0,0.0,0.0,0.0,0.0,0.0,0.0,0.0,0.0,0.0,0.0,0.0,0.0,0.0,2415
2430,"Navajo Nation Reservation and Off-Reservation Trust Land, AZ--NM--UT",1114.0,42.0,5.0,45.0,29.0,17.0,47.0,29.0,86.0,51.0,144.0,163.0,178.0,138.0,82.0,24.0,34.0,2430
2400,"Nambe Pueblo and Off-Reservation Trust Land, NM",111.0,14.0,0.0,12.0,4.0,0.0,7.0,4.0,8.0,2.0,3.0,5.0,10.0,6.0,3.0,11.0,22.0,2400
2475,"Nooksack Reservation and Off-Reservation Trust Land, WA",34.0,1.0,2.0,0.0,2.0,2.0,6.0,1.0,0.0,3.0,3.0,2.0,2.0,5.0,0.0,2.0,3.0,2475
2460,"Nisqually Reservation, WA",53.0,3.0,0.0,0.0,0.0,0.0,0.0,1.0,8.0,2.0,3.0,9.0,15.0,7.0,1.0,4.0,0.0,2460
2445,"Nez Perce Reservation, ID",6229.0,418.0,387.0,362.0,442.0,436.0,454.0,471.0,392.0,340.0,504.0,613.0,681.0,363.0,152.0,127.0,87.0,2445
2635,"Pala Reservation, CA",21.0,5.0,0.0,2.0,4.0,0.0,0.0,2.0,0.0,0.0,2.0,2.0,0.0,2.0,0.0,2.0,0.0,2635
2695,"Passamaquoddy Trust Land, ME",0.0,0.0,0.0,0.0,0.0,0.0,0.0,0.0,0.0,0.0,0.0,0.0,0.0,0.0,0.0,0.0,0.0,2695
2625,"Paiute (UT) Reservation, UT",8.0,2.0,0.0,0.0,0.0,0.0,0.0,0.0,4.0,0.0,0.0,1.0,0.0,0.0,0.0,0.0,1.0,2625
2785,"Picuris Pueblo, NM",49.0,5.0,3.0,7.0,5.0,2.0,5.0,1.0,2.0,0.0,5.0,5.0,4.0,2.0,0.0,3.0,0.0,2785
2760,"Penobscot Reservation and Off-Reservation Trust Land, ME",11.0,3.0,0.0,0.0,0.0,0.0,0.0,0.0,2.0,0.0,0.0,0.0,2.0,0.0,2.0,2.0,0.0,2760
2745,"Pechanga Reservation, CA",13.0,3.0,1.0,0.0,2.0,0.0,0.0,0.0,1.0,2.0,0.0,0.0,2.0,0.0,2.0,0.0,0.0,2745
2715,"Pauma and Yuima Reservation, CA",3.0,0.0,2.0,1.0,0.0,0.0,0.0,0.0,0.0,0.0,0.0,0.0,0.0,0.0,0.0,0.0,0.0,2715
2835,"Pit River Trust Land, CA",0.0,0.0,0.0,0.0,0.0,0.0,0.0,0.0,0.0,0.0,0.0,0.0,0.0,0.0,0.0,0.0,0.0,2835
2865,"Poarch Creek Reservation and Off-Reservation Trust Land, AL--FL",18.0,2.0,2.0,4.0,5.0,2.0,1.0,0.0,0.0,0.0,0.0,2.0,0.0,0.0,0.0,0.0,0.0,2865
2820,"Pinoleville Rancheria, CA",8.0,0.0,0.0,0.0,0.0,0.0,0.0,0.0,2.0,0.0,2.0,2.0,2.0,0.0,0.0,0.0,0.0,2820
2850,"Pleasant Point Reservation, ME",30.0,3.0,0.0,0.0,9.0,1.0,6.0,4.0,0.0,2.0,0.0,3.0,2.0,0.0,0.0,0.0,0.0,2850
2985,"Prairie Island Indian Community and Off-Reservation Trust Land, MN",14.0,0.0,0.0,0.0,0.0,0.0,0.0,0.0,0.0,0.0,8.0,0.0,0.0,3.0,1.0,2.0,0.0,2985
2925,"Port Madison Reservation, WA",2658.0,126.0,91.0,69.0,99.0,144.0,118.0,128.0,133.0,121.0,209.0,275.0,411.0,275.0,165.0,160.0,134.0,2925
2910,"Port Gamble Reservation and Off-Reservation Trust Land, WA",26.0,2.0,4.0,5.0,2.0,0.0,0.0,0.0,0.0,0.0,0.0,2.0,3.0,4.0,4.0,0.0,0.0,2910
2240,"Miccosukee Reservation and Off-Reservation Trust Land, FL",0.0,0.0,0.0,0.0,0.0,0.0,0.0,0.0,0.0,0.0,0.0,0.0,0.0,0.0,0.0,0.0,0.0,2240
2555,"Oneida Nation Reservation, NY",0.0,0.0,0.0,0.0,0.0,0.0,0.0,0.0,0.0,0.0,0.0,0.0,0.0,0.0,0.0,0.0,0.0,2555
2570,"Onondaga Nation Reservation, NY",0.0,0.0,0.0,0.0,0.0,0.0,0.0,0.0,0.0,0.0,0.0,0.0,0.0,0.0,0.0,0.0,0.0,2570
2510,"Ohkay Owingeh, NM",179.0,22.0,24.0,21.0,10.0,10.0,8.0,17.0,4.0,6.0,6.0,10.0,29.0,0.0,0.0,10.0,2.0,2510
2505,"Northwestern Shoshone Reservation, UT",0.0,0.0,0.0,0.0,0.0,0.0,0.0,0.0,0.0,0.0,0.0,0.0,0.0,0.0,0.0,0.0,0.0,2505
2490,"Northern Cheyenne Indian Reservation and Off-Reservation Trust Land, MT--SD",95.0,3.0,0.0,7.0,4.0,3.0,8.0,0.0,10.0,5.0,5.0,20.0,6.0,17.0,7.0,0.0,0.0,2490
2495,"North Fork Rancheria and Off-Reservation Trust Land, CA",2.0,0.0,0.0,0.0,0.0,0.0,0.0,0.0,0.0,0.0,0.0,0.0,2.0,0.0,0.0,0.0,0.0,2495
2685,"Paskenta Rancheria, CA",0.0,0.0,0.0,0.0,0.0,0.0,0.0,0.0,0.0,0.0,0.0,0.0,0.0,0.0,0.0,0.0,0.0,2685
2680,"Pascua Pueblo Yaqui Reservation and Off-Reservation Trust Land, AZ",2.0,0.0,0.0,0.0,0.0,0.0,0.0,0.0,0.0,0.0,0.0,0.0,0.0,0.0,0.0,2.0,0.0,2680
2775,"Picayune Rancheria and Off-Reservation Trust Land, CA",0.0,0.0,0.0,0.0,0.0,0.0,0.0,0.0,0.0,0.0,0.0,0.0,0.0,0.0,0.0,0.0,0.0,2775
2810,"Pine Ridge Reservation, SD--NE",818.0,71.0,28.0,34.0,25.0,51.0,48.0,51.0,63.0,22.0,113.0,116.0,105.0,47.0,23.0,13.0,8.0,2810
2890,"Pokagon Reservation and Off-Reservation Trust Land, MI",20.0,0.0,0.0,1.0,0.0,0.0,8.0,0.0,1.0,0.0,2.0,0.0,2.0,6.0,0.0,0.0,0.0,2890
2900,"Ponca (NE) Trust Land, NE--IA",0.0,0.0,0.0,0.0,0.0,0.0,0.0,0.0,0.0,0.0,0.0,0.0,0.0,0.0,0.0,0.0,0.0,2900
2980,"Prairie Band of Potawatomi Nation Reservation, KS",268.0,8.0,5.0,3.0,7.0,18.0,8.0,7.0,7.0,17.0,37.0,40.0,28.0,63.0,7.0,7.0,6.0,2980
2990,"Pueblo of Pojoaque and Off-Reservation Trust Land, NM",359.0,24.0,12.0,15.0,12.0,24.0,12.0,13.0,7.0,22.0,29.0,44.0,37.0,32.0,25.0,22.0,29.0,2990
3095,"Redding Rancheria, CA",2.0,0.0,0.0,2.0,0.0,0.0,0.0,0.0,0.0,0.0,0.0,0.0,0.0,0.0,0.0,0.0,0.0,3095
3000,"Puyallup Reservation and Off-Reservation Trust Land, WA",11933.0,457.0,333.0,319.0,394.0,315.0,527.0,425.0,470.0,416.0,935.0,1239.0,1772.0,1423.0,1024.0,1091.0,793.0,3000
3030,"Quileute Reservation, WA",14.0,1.0,5.0,0.0,0.0,0.0,1.0,2.0,2.0,0.0,0.0,3.0,0.0,0.0,0.0,0.0,0.0,3030
3085,"Red Cliff Reservation and Off-Reservation Trust Land, WI",47.0,2.0,3.0,5.0,5.0,3.0,2.0,6.0,0.0,3.0,5.0,9.0,2.0,0.0,2.0,0.0,0.0,3085
3040,"Quinault Reservation, WA",60.0,13.0,0.0,2.0,0.0,7.0,5.0,2.0,5.0,0.0,11.0,9.0,0.0,2.0,4.0,0.0,0.0,3040
3070,"Ramona Village, CA",0.0,0.0,0.0,0.0,0.0,0.0,0.0,0.0,0.0,0.0,0.0,0.0,0.0,0.0,0.0,0.0,0.0,3070
3145,"Resighini Rancheria, CA",0.0,0.0,0.0,0.0,0.0,0.0,0.0,0.0,0.0,0.0,0.0,0.0,0.0,0.0,0.0,0.0,0.0,3145
3185,"Roaring Creek Rancheria, CA",0.0,0.0,0.0,0.0,0.0,0.0,0.0,0.0,0.0,0.0,0.0,0.0,0.0,0.0,0.0,0.0,0.0,3185
3100,"Red Lake Reservation, MN",0.0,0.0,0.0,0.0,0.0,0.0,0.0,0.0,0.0,0.0,0.0,0.0,0.0,0.0,0.0,0.0,0.0,3100
3195,"Robinson Rancheria and Off-Reservation Trust Land, CA",0.0,0.0,0.0,0.0,0.0,0.0,0.0,0.0,0.0,0.0,0.0,0.0,0.0,0.0,0.0,0.0,0.0,3195
3370,"Sandia Pueblo, NM",323.0,40.0,16.0,13.0,26.0,25.0,22.0,16.0,29.0,12.0,25.0,22.0,20.0,24.0,14.0,16.0,3.0,3370
3355,"San Carlos Reservation, AZ",41.0,2.0,0.0,8.0,0.0,8.0,0.0,0.0,0.0,0.0,8.0,0.0,15.0,0.0,0.0,0.0,0.0,3355
3340,"Salt River Reservation, AZ",937.0,83.0,139.0,116.0,82.0,52.0,61.0,59.0,59.0,51.0,75.0,82.0,24.0,41.0,0.0,0.0,13.0,3340
3285,"Sac and Fox Nation Reservation and Off-Reservation Trust Land, NE--KS",47.0,3.0,3.0,0.0,0.0,3.0,2.0,4.0,2.0,0.0,1.0,2.0,14.0,1.0,4.0,2.0,6.0,3285
3010,"Pyramid Lake Paiute Reservation, NV",186.0,14.0,42.0,15.0,7.0,24.0,3.0,13.0,12.0,3.0,14.0,21.0,11.0,0.0,3.0,0.0,4.0,3010
3020,"Quartz Valley Reservation and Off-Reservation Trust Land, CA",26.0,2.0,3.0,1.0,0.0,0.0,0.0,1.0,1.0,2.0,1.0,1.0,5.0,2.0,5.0,2.0,0.0,3020
3115,"Redwood Valley Rancheria, CA",50.0,0.0,0.0,2.0,2.0,3.0,0.0,2.0,0.0,2.0,5.0,4.0,9.0,10.0,8.0,2.0,1.0,3115
3130,"Reno-Sparks Indian Colony, NV",2.0,0.0,0.0,0.0,0.0,2.0,0.0,0.0,0.0,0.0,0.0,0.0,0.0,0.0,0.0,0.0,0.0,3130
3165,"Rincon Reservation and Off-Reservation Trust Land, CA",30.0,0.0,2.0,1.0,2.0,0.0,2.0,3.0,0.0,0.0,5.0,2.0,3.0,5.0,0.0,5.0,0.0,3165
3305,"Saint Croix Reservation and Off-Reservation Trust Land, WI",8.0,0.0,0.0,0.0,0.0,0.0,0.0,0.0,2.0,0.0,0.0,0.0,4.0,0.0,2.0,0.0,0.0,3305
3320,"Saint Regis Mohawk Reservation, NY",0.0,0.0,0.0,0.0,0.0,0.0,0.0,0.0,0.0,0.0,0.0,0.0,0.0,0.0,0.0,0.0,0.0,3320
3235,"Rosebud Indian Reservation and Off-Reservation Trust Land, SD",444.0,6.0,29.0,9.0,19.0,5.0,24.0,49.0,49.0,16.0,60.0,68.0,84.0,0.0,4.0,4.0,18.0,3235
3265,"Rumsey Indian Rancheria, CA",0.0,0.0,0.0,0.0,0.0,0.0,0.0,0.0,0.0,0.0,0.0,0.0,0.0,0.0,0.0,0.0,0.0,3265
3205,"Rocky Boy's Reservation and Off-Reservation Trust Land, MT",22.0,0.0,9.0,2.0,0.0,0.0,0.0,2.0,0.0,0.0,4.0,4.0,0.0,0.0,1.0,0.0,0.0,3205
3250,"Round Valley Reservation and Off-Reservation Trust Land, CA",18.0,2.0,5.0,0.0,0.0,0.0,0.0,1.0,2.0,2.0,2.0,3.0,0.0,0.0,1.0,0.0,0.0,3250
3220,"Rohnerville Rancheria, CA",6.0,0.0,0.0,0.0,0.0,0.0,2.0,0.0,0.0,0.0,2.0,0.0,2.0,0.0,0.0,0.0,0.0,3220
3400,"San Felipe Pueblo, NM",113.0,7.0,0.0,0.0,11.0,6.0,8.0,7.0,4.0,3.0,0.0,7.0,11.0,18.0,2.0,13.0,16.0,3400
3480,"Santa Ana Pueblo, NM",0.0,0.0,0.0,0.0,0.0,0.0,0.0,0.0,0.0,0.0,0.0,0.0,0.0,0.0,0.0,0.0,0.0,3480
3460,"San Pasqual Reservation, CA",37.0,4.0,1.0,10.0,0.0,0.0,3.0,3.0,5.0,0.0,4.0,0.0,4.0,1.0,0.0,2.0,0.0,3460
3540,"Santa Ynez Reservation, CA",13.0,2.0,1.0,0.0,2.0,0.0,0.0,0.0,0.0,0.0,3.0,2.0,0.0,1.0,0.0,0.0,2.0,3540
3565,"Santee Reservation, NE",90.0,3.0,2.0,6.0,9.0,4.0,9.0,8.0,10.0,3.0,1.0,12.0,6.0,2.0,3.0,4.0,8.0,3565
3550,"Santa Ysabel Reservation, CA",4.0,0.0,0.0,0.0,0.0,0.0,0.0,0.0,0.0,4.0,0.0,0.0,0.0,0.0,0.0,0.0,0.0,3550
3525,"Santa Rosa Reservation, CA",0.0,0.0,0.0,0.0,0.0,0.0,0.0,0.0,0.0,0.0,0.0,0.0,0.0,0.0,0.0,0.0,0.0,3525
3520,"Santa Rosa Rancheria, CA",3.0,0.0,0.0,0.0,0.0,0.0,0.0,0.0,0.0,3.0,0.0,0.0,0.0,0.0,0.0,0.0,0.0,3520
3585,"Santo Domingo Pueblo, NM",12.0,4.0,0.0,0.0,0.0,0.0,0.0,0.0,0.0,0.0,0.0,4.0,4.0,0.0,0.0,0.0,0.0,3585
3680,"Shakopee Mdewakanton Sioux Community and Off-Reservation Trust Land, MN",96.0,7.0,3.0,10.0,23.0,6.0,10.0,3.0,8.0,0.0,4.0,2.0,2.0,2.0,3.0,2.0,11.0,3680
3625,"Sauk-Suiattle Reservation, WA",4.0,0.0,0.0,0.0,0.0,0.0,0.0,0.0,0.0,0.0,2.0,1.0,0.0,1.0,0.0,0.0,0.0,3625
3795,"Siletz Reservation and Off-Reservation Trust Land, OR",15.0,0.0,2.0,3.0,0.0,1.0,1.0,1.0,2.0,2.0,1.0,0.0,2.0,0.0,0.0,0.0,0.0,3795
3825,"Skokomish Reservation, WA",71.0,7.0,9.0,2.0,5.0,6.0,2.0,2.0,2.0,0.0,5.0,12.0,9.0,1.0,7.0,2.0,0.0,3825
3855,"Smith River Reservation and Off-Reservation Trust Land, CA",5.0,0.0,0.0,0.0,0.0,2.0,0.0,0.0,0.0,0.0,0.0,0.0,1.0,2.0,0.0,0.0,0.0,3855
3280,"Sac and Fox/Meskwaki Settlement and Off-Reservation Trust Land, IA",7.0,0.0,0.0,0.0,0.0,0.0,0.0,0.0,0.0,0.0,0.0,4.0,3.0,0.0,0.0,0.0,0.0,3280
3415,"San Ildefonso Pueblo and Off-Reservation Trust Land, NM",131.0,5.0,5.0,6.0,8.0,3.0,0.0,15.0,3.0,2.0,15.0,8.0,12.0,13.0,11.0,15.0,10.0,3415
3445,"San Manuel Reservation and Off-Reservation Trust Land, CA",2.0,0.0,2.0,0.0,0.0,0.0,0.0,0.0,0.0,0.0,0.0,0.0,0.0,0.0,0.0,0.0,0.0,3445
3495,"Santa Clara Pueblo and Off-Reservation Trust Land, NM",778.0,144.0,72.0,43.0,11.0,23.0,22.0,48.0,27.0,32.0,64.0,51.0,67.0,75.0,15.0,37.0,47.0,3495
3635,"Sault Sainte Marie Reservation and Off-Reservation Trust Land, MI",178.0,27.0,12.0,31.0,31.0,13.0,12.0,3.0,4.0,5.0,19.0,6.0,11.0,4.0,0.0,0.0,0.0,3635
3665,"Seminole (FL) Trust Land, FL",0.0,0.0,0.0,0.0,0.0,0.0,0.0,0.0,0.0,0.0,0.0,0.0,0.0,0.0,0.0,0.0,0.0,3665
3780,"Shoalwater Bay Indian Reservation and Off-Reservation Trust Land, WA",4.0,2.0,0.0,0.0,0.0,0.0,0.0,0.0,0.0,0.0,0.0,0.0,2.0,0.0,0.0,0.0,0.0,3780
3735,"Sherwood Valley Rancheria and Off-Reservation Trust Land, CA",0.0,0.0,0.0,0.0,0.0,0.0,0.0,0.0,0.0,0.0,0.0,0.0,0.0,0.0,0.0,0.0,0.0,3735
3750,"Shingle Springs Rancheria and Off-Reservation Trust Land, CA",4.0,0.0,0.0,0.0,0.0,0.0,0.0,0.0,1.0,0.0,0.0,2.0,0.0,1.0,0.0,0.0,0.0,3750
3885,"Sokaogon Chippewa Community, WI",23.0,0.0,2.0,4.0,0.0,0.0,6.0,0.0,2.0,2.0,2.0,1.0,4.0,0.0,0.0,0.0,0.0,3885
3860,"Snoqualmie Reservation, WA",0.0,0.0,0.0,0.0,0.0,0.0,0.0,0.0,0.0,0.0,0.0,0.0,0.0,0.0,0.0,0.0,0.0,3860
3870,"Soboba Reservation and Off-Reservation Trust Land, CA",207.0,0.0,13.0,61.0,15.0,12.0,0.0,1.0,0.0,14.0,14.0,58.0,0.0,2.0,3.0,14.0,0.0,3870
3840,"Skull Valley Reservation, UT",2.0,0.0,0.0,0.0,0.0,0.0,0.0,0.0,0.0,0.0,0.0,2.0,0.0,0.0,0.0,0.0,0.0,3840
3955,"Squaxin Island Reservation and Off-Reservation Trust Land, WA",23.0,1.0,3.0,2.0,1.0,0.0,0.0,2.0,1.0,0.0,2.0,1.0,3.0,3.0,0.0,4.0,0.0,3955
3985,"Stewarts Point Rancheria, CA",0.0,0.0,0.0,0.0,0.0,0.0,0.0,0.0,0.0,0.0,0.0,0.0,0.0,0.0,0.0,0.0,0.0,3985
3935,"Spirit Lake Reservation, ND",250.0,15.0,11.0,17.0,16.0,14.0,10.0,16.0,4.0,14.0,10.0,31.0,33.0,25.0,2.0,11.0,21.0,3935
3980,"Stewart Community, NV",4.0,2.0,0.0,0.0,0.0,0.0,0.0,0.0,0.0,2.0,0.0,0.0,0.0,0.0,0.0,0.0,0.0,3980
3925,"Southern Ute Reservation, CO",3695.0,139.0,113.0,122.0,172.0,129.0,157.0,138.0,192.0,185.0,341.0,477.0,597.0,317.0,244.0,196.0,176.0,3925
3970,"Standing Rock Reservation, SD--ND",683.0,38.0,36.0,29.0,23.0,11.0,36.0,45.0,37.0,45.0,80.0,66.0,90.0,49.0,41.0,23.0,34.0,3970
3930,"South Fork Reservation and Off-Reservation Trust Land, NV",3.0,0.0,0.0,0.0,0.0,1.0,0.0,0.0,0.0,0.0,0.0,1.0,1.0,0.0,0.0,0.0,0.0,3930
4015,"Stockbridge Munsee Community and Off-Reservation Trust Land, WI",19.0,2.0,2.0,0.0,3.0,5.0,0.0,3.0,0.0,0.0,2.0,2.0,0.0,0.0,0.0,0.0,0.0,4015
3940,"Spokane Reservation and Off-Reservation Trust Land, WA",103.0,6.0,11.0,5.0,7.0,0.0,12.0,6.0,3.0,0.0,12.0,0.0,16.0,6.0,9.0,4.0,6.0,3940
4000,"Stillaguamish Reservation and Off-Reservation Trust Land, WA",10.0,0.0,0.0,0.0,0.0,0.0,0.0,0.0,0.0,0.0,10.0,0.0,0.0,0.0,0.0,0.0,0.0,4000
4060,"Susanville Indian Rancheria and Off-Reservation Trust Land, CA",89.0,0.0,2.0,5.0,1.0,3.0,20.0,3.0,4.0,9.0,24.0,7.0,4.0,5.0,0.0,2.0,0.0,4060
4095,"Table Bluff Reservation, CA",1.0,0.0,0.0,0.0,1.0,0.0,0.0,0.0,0.0,0.0,0.0,0.0,0.0,0.0,0.0,0.0,0.0,4095
4045,"Summit Lake Reservation and Off-Reservation Trust Land, NV",0.0,0.0,0.0,0.0,0.0,0.0,0.0,0.0,0.0,0.0,0.0,0.0,0.0,0.0,0.0,0.0,0.0,4045
4075,"Swinomish Reservation and Off-Reservation Trust Land, WA",1057.0,36.0,31.0,24.0,24.0,48.0,32.0,73.0,36.0,57.0,104.0,131.0,139.0,116.0,81.0,66.0,59.0,4075
4090,"Sycuan Reservation and Off-Reservation Trust Land, CA",5.0,0.0,0.0,0.0,0.0,0.0,0.0,0.0,1.0,0.0,0.0,0.0,2.0,2.0,0.0,0.0,0.0,4090
4030,"Sulphur Bank Rancheria, CA",0.0,0.0,0.0,0.0,0.0,0.0,0.0,0.0,0.0,0.0,0.0,0.0,0.0,0.0,0.0,0.0,0.0,4030
4140,"Taos Pueblo and Off-Reservation Trust Land, NM",781.0,101.0,61.0,54.0,56.0,25.0,55.0,30.0,31.0,15.0,56.0,77.0,65.0,28.0,32.0,73.0,22.0,4140
4170,"Tesuque Pueblo and Off-Reservation Trust Land, NM",86.0,15.0,11.0,10.0,5.0,4.0,0.0,6.0,0.0,0.0,2.0,4.0,15.0,3.0,1.0,6.0,4.0,4170
4110,"Table Mountain Rancheria, CA",0.0,0.0,0.0,0.0,0.0,0.0,0.0,0.0,0.0,0.0,0.0,0.0,0.0,0.0,0.0,0.0,0.0,4110
4130,"Tampa Reservation, FL",0.0,0.0,0.0,0.0,0.0,0.0,0.0,0.0,0.0,0.0,0.0,0.0,0.0,0.0,0.0,0.0,0.0,4130
4255,"Torres-Martinez Reservation, CA",38.0,6.0,9.0,9.0,0.0,5.0,4.0,0.0,0.0,2.0,1.0,2.0,0.0,0.0,0.0,0.0,0.0,4255
4225,"Tonawanda Reservation, NY",0.0,0.0,0.0,0.0,0.0,0.0,0.0,0.0,0.0,0.0,0.0,0.0,0.0,0.0,0.0,0.0,0.0,4225
4275,"Trinidad Rancheria and Off-Reservation Trust Land, CA",6.0,0.0,0.0,0.0,0.0,0.0,0.0,2.0,0.0,0.0,0.0,2.0,0.0,0.0,0.0,0.0,2.0,4275
4300,"Tule River Reservation and Off-Reservation Trust Land, CA",9.0,0.0,0.0,0.0,2.0,0.0,0.0,0.0,0.0,3.0,0.0,2.0,2.0,0.0,0.0,0.0,0.0,4300
4180,"Timbi-Sha Shoshone Reservation and Off-Reservation Trust Land, CA--NV",0.0,0.0,0.0,0.0,0.0,0.0,0.0,0.0,0.0,0.0,0.0,0.0,0.0,0.0,0.0,0.0,0.0,4180
4200,"Tohono O'odham Nation Reservation and Off-Reservation Trust Land, AZ",204.0,27.0,0.0,21.0,5.0,4.0,12.0,10.0,4.0,4.0,25.0,51.0,24.0,6.0,6.0,5.0,0.0,4200
4290,"Tulalip Reservation and Off-Reservation Trust Land, WA",2674.0,89.0,59.0,89.0,43.0,63.0,86.0,87.0,62.0,80.0,224.0,339.0,466.0,356.0,254.0,204.0,173.0,4290
4235,"Tonto Apache Reservation and Off-Reservation Trust Land, AZ",2.0,0.0,1.0,0.0,0.0,0.0,0.0,0.0,0.0,1.0,0.0,0.0,0.0,0.0,0.0,0.0,0.0,4235
4315,"Tunica-Biloxi Reservation and Off-Reservation Trust Land, LA",12.0,0.0,0.0,0.0,2.0,0.0,4.0,0.0,1.0,0.0,0.0,0.0,0.0,5.0,0.0,0.0,0.0,4315
4330,"Tuolumne Rancheria, CA",11.0,0.0,0.0,0.0,0.0,0.0,0.0,0.0,0.0,0.0,0.0,4.0,3.0,0.0,2.0,2.0,0.0,4330
4360,"Tuscarora Nation Reservation, NY",34.0,0.0,0.0,5.0,4.0,6.0,0.0,8.0,3.0,0.0,3.0,0.0,0.0,5.0,0.0,0.0,0.0,4360
4345,"Turtle Mountain Reservation and Off-Reservation Trust Land, MT--ND--SD",97.0,0.0,0.0,0.0,21.0,0.0,3.0,0.0,18.0,3.0,17.0,5.0,12.0,12.0,0.0,6.0,0.0,4345
4375,"Twenty-Nine Palms Reservation and Off-Reservation Trust Land, CA",2.0,0.0,0.0,0.0,0.0,0.0,0.0,0.0,0.0,0.0,0.0,0.0,0.0,0.0,0.0,0.0,2.0,4375
4390,"Uintah and Ouray Reservation and Off-Reservation Trust Land, UT",6749.0,296.0,275.0,299.0,310.0,315.0,250.0,246.0,328.0,240.0,545.0,997.0,1086.0,745.0,465.0,215.0,137.0,4390
4470,"Ute Mountain Reservation and Off-Reservation Trust Land, CO--NM--UT",3.0,0.0,0.0,0.0,0.0,0.0,0.0,0.0,0.0,0.0,0.0,3.0,0.0,0.0,0.0,0.0,0.0,4470
4455,"Upper Skagit Reservation, WA",3.0,0.0,0.0,0.0,0.0,0.0,0.0,3.0,0.0,0.0,0.0,0.0,0.0,0.0,0.0,0.0,0.0,4455
4430,"Upper Lake Rancheria, CA",11.0,3.0,0.0,0.0,0.0,0.0,0.0,0.0,2.0,0.0,1.0,2.0,0.0,1.0,0.0,2.0,0.0,4430
4580,"Wells Colony, NV",2.0,0.0,0.0,0.0,0.0,0.0,0.0,0.0,0.0,0.0,0.0,2.0,0.0,0.0,0.0,0.0,0.0,4580
4530,"Wampanoag-Aquinnah Trust Land, MA",7.0,0.0,0.0,0.0,0.0,0.0,0.0,0.0,0.0,0.0,0.0,7.0,0.0,0.0,0.0,0.0,0.0,4530
4515,"Walker River Reservation, NV",26.0,2.0,5.0,0.0,6.0,0.0,0.0,5.0,0.0,0.0,3.0,0.0,5.0,0.0,0.0,0.0,0.0,4515
4595,"White Earth Reservation and Off-Reservation Trust Land, MN",1874.0,93.0,111.0,107.0,107.0,107.0,103.0,87.0,70.0,76.0,183.0,203.0,296.0,169.0,77.0,32.0,53.0,4595
4545,"Warm Springs Reservation and Off-Reservation Trust Land, OR",63.0,0.0,0.0,0.0,0.0,4.0,3.0,6.0,0.0,0.0,8.0,16.0,10.0,0.0,5.0,0.0,11.0,4545
4610,"Wind River Reservation and Off-Reservation Trust Land, WY",6869.0,294.0,290.0,298.0,320.0,375.0,330.0,486.0,377.0,287.0,524.0,663.0,1040.0,550.0,424.0,315.0,296.0,4610
4625,"Winnebago Reservation and Off-Reservation Trust Land, NE--IA",331.0,17.0,10.0,13.0,14.0,9.0,20.0,8.0,12.0,12.0,51.0,53.0,46.0,24.0,14.0,14.0,14.0,4625
4665,"Woodfords Community, CA",5.0,0.0,2.0,0.0,0.0,0.0,0.0,2.0,0.0,0.0,0.0,0.0,0.0,1.0,0.0,0.0,0.0,4665
4710,"Yavapai-Prescott Reservation, AZ",34.0,30.0,0.0,1.0,0.0,0.0,0.0,0.0,0.0,0.0,0.0,0.0,1.0,2.0,0.0,0.0,0.0,4710
4740,"Yomba Reservation, NV",0.0,0.0,0.0,0.0,0.0,0.0,0.0,0.0,0.0,0.0,0.0,0.0,0.0,0.0,0.0,0.0,0.0,4740
4760,"Yurok Reservation, CA",157.0,12.0,9.0,22.0,18.0,11.0,12.0,10.0,13.0,8.0,2.0,18.0,2.0,3.0,8.0,6.0,3.0,4760
4700,"Yankton Reservation, SD",1352.0,81.0,88.0,71.0,79.0,76.0,60.0,64.0,73.0,59.0,139.0,157.0,124.0,98.0,66.0,57.0,60.0,4700
4785,"Zuni Reservation and Off-Reservation Trust Land, NM--AZ",29.0,5.0,11.0,0.0,0.0,0.0,0.0,0.0,0.0,3.0,0.0,0.0,4.0,3.0,0.0,0.0,3.0,4785
4708,"Yavapai-Apache Nation Reservation, AZ",5.0,2.0,0.0,3.0,0.0,0.0,0.0,0.0,0.0,0.0,0.0,0.0,0.0,0.0,0.0,0.0,0.0,4708
4770,"Zia Pueblo and Off-Reservation Trust Land, NM",0.0,0.0,0.0,0.0,0.0,0.0,0.0,0.0,0.0,0.0,0.0,0.0,0.0,0.0,0.0,0.0,0.0,4770
4725,"Yerington Colony, NV",5.0,0.0,3.0,0.0,2.0,0.0,0.0,0.0,0.0,0.0,0.0,0.0,0.0,0.0,0.0,0.0,0.0,4725
5041,"Kahikinui Hawaiian Home Land, HI",0.0,0.0,0.0,0.0,0.0,0.0,0.0,0.0,0.0,0.0,0.0,0.0,0.0,0.0,0.0,0.0,0.0,5041
4445,"Upper Sioux Community and Off-Reservation Trust Land, MN",5.0,0.0,0.0,0.0,0.0,0.0,0.0,0.0,0.0,2.0,0.0,3.0,0.0,0.0,0.0,0.0,0.0,4445
4405,"Umatilla Reservation and Off-Reservation Trust Land, OR",559.0,29.0,21.0,18.0,33.0,22.0,14.0,34.0,21.0,15.0,37.0,57.0,79.0,50.0,82.0,31.0,16.0,4405
4560,"Washoe Ranches Trust Land, NV--CA",1163.0,66.0,69.0,61.0,69.0,62.0,65.0,61.0,43.0,65.0,108.0,123.0,158.0,105.0,61.0,19.0,28.0,4560
4500,"Viejas Reservation and Off-Reservation Trust Land, CA",9.0,2.0,0.0,0.0,0.0,2.0,0.0,0.0,1.0,0.0,1.0,0.0,1.0,1.0,1.0,0.0,0.0,4500
4635,"Winnemucca Indian Colony, NV",1.0,0.0,0.0,0.0,0.0,0.0,0.0,0.0,0.0,0.0,0.0,0.0,1.0,0.0,0.0,0.0,0.0,4635
4680,"XL Ranch Rancheria, CA",0.0,0.0,0.0,0.0,0.0,0.0,0.0,0.0,0.0,0.0,0.0,0.0,0.0,0.0,0.0,0.0,0.0,4680
4690,"Yakama Nation Reservation and Off-Reservation Trust Land, WA",2092.0,120.0,112.0,65.0,120.0,128.0,101.0,109.0,140.0,153.0,217.0,265.0,250.0,139.0,45.0,88.0,40.0,4690
4755,"Ysleta del Sur Pueblo and Off-Reservation Trust Land, TX",0.0,0.0,0.0,0.0,0.0,0.0,0.0,0.0,0.0,0.0,0.0,0.0,0.0,0.0,0.0,0.0,0.0,4755
4910,"Kickapoo (KS) Reservation/Sac and Fox Nation Trust Land joint-use area, KS",0.0,0.0,0.0,0.0,0.0,0.0,0.0,0.0,0.0,0.0,0.0,0.0,0.0,0.0,0.0,0.0,0.0,4910
4930,"San Felipe Pueblo/Santa Ana Pueblo joint-use area, NM",0.0,0.0,0.0,0.0,0.0,0.0,0.0,0.0,0.0,0.0,0.0,0.0,0.0,0.0,0.0,0.0,0.0,4930
4940,"San Felipe Pueblo/Santo Domingo Pueblo joint-use area, NM",0.0,0.0,0.0,0.0,0.0,0.0,0.0,0.0,0.0,0.0,0.0,0.0,0.0,0.0,0.0,0.0,0.0,4940
5011,"Hanapepe Hawaiian Home Land, HI",0.0,0.0,0.0,0.0,0.0,0.0,0.0,0.0,0.0,0.0,0.0,0.0,0.0,0.0,0.0,0.0,0.0,5011
5026,"Honokaia Hawaiian Home Land, HI",0.0,0.0,0.0,0.0,0.0,0.0,0.0,0.0,0.0,0.0,0.0,0.0,0.0,0.0,0.0,0.0,0.0,5026
5046,"Kalamaula Hawaiian Home Land, HI",1.0,0.0,0.0,0.0,0.0,0.0,0.0,0.0,1.0,0.0,0.0,0.0,0.0,0.0,0.0,0.0,0.0,5046
5051,"Kalaupapa Hawaiian Home Land, HI",10.0,0.0,0.0,0.0,0.0,0.0,0.0,0.0,0.0,0.0,4.0,2.0,0.0,2.0,0.0,2.0,0.0,5051
5076,"Kapaakea Hawaiian Home Land, HI",2.0,0.0,0.0,0.0,0.0,0.0,2.0,0.0,0.0,0.0,0.0,0.0,0.0,0.0,0.0,0.0,0.0,5076
5056,"Kamaoa-Puueo Hawaiian Home Land, HI",0.0,0.0,0.0,0.0,0.0,0.0,0.0,0.0,0.0,0.0,0.0,0.0,0.0,0.0,0.0,0.0,0.0,5056
5066,"Kamoku-Kapulena Hawaiian Home Land, HI",2.0,0.0,0.0,2.0,0.0,0.0,0.0,0.0,0.0,0.0,0.0,0.0,0.0,0.0,0.0,0.0,0.0,5066
5071,"Kapaa Hawaiian Home Land, HI",0.0,0.0,0.0,0.0,0.0,0.0,0.0,0.0,0.0,0.0,0.0,0.0,0.0,0.0,0.0,0.0,0.0,5071
5083,"Kapolei Hawaiian Home Land, HI",0.0,0.0,0.0,0.0,0.0,0.0,0.0,0.0,0.0,0.0,0.0,0.0,0.0,0.0,0.0,0.0,0.0,5083
5086,"Kaumana Hawaiian Home Land, HI",5.0,2.0,0.0,0.0,0.0,0.0,1.0,0.0,0.0,0.0,0.0,2.0,0.0,0.0,0.0,0.0,0.0,5086
5091,"Kawaihae Hawaiian Home Land, HI",3.0,0.0,0.0,0.0,0.0,0.0,0.0,0.0,1.0,0.0,0.0,0.0,0.0,0.0,2.0,0.0,0.0,5091
5088,"Kaupea Hawaiian Home Land, HI",5.0,0.0,0.0,0.0,0.0,0.0,0.0,0.0,0.0,0.0,2.0,1.0,0.0,0.0,2.0,0.0,0.0,5088
5061,"Kamiloloa-Makakupaia Hawaiian Home Land, HI",0.0,0.0,0.0,0.0,0.0,0.0,0.0,0.0,0.0,0.0,0.0,0.0,0.0,0.0,0.0,0.0,0.0,5061
5004,"Anahola (Residential) Hawaiian Home Land, HI",50.0,6.0,7.0,3.0,2.0,2.0,5.0,0.0,0.0,1.0,6.0,4.0,11.0,0.0,1.0,2.0,0.0,5004
5044,"Kalaeloa Hawaiian Home Land, HI",0.0,0.0,0.0,0.0,0.0,0.0,0.0,0.0,0.0,0.0,0.0,0.0,0.0,0.0,0.0,0.0,0.0,5044
5053,"Kalawahine Hawaiian Home Land, HI",9.0,0.0,0.0,0.0,0.0,1.0,0.0,0.0,0.0,0.0,0.0,0.0,0.0,4.0,0.0,3.0,1.0,5053
5008,"East Kapolei Hawaiian Home Land, HI",0.0,0.0,0.0,0.0,0.0,0.0,0.0,0.0,0.0,0.0,0.0,0.0,0.0,0.0,0.0,0.0,0.0,5008
5003,"Anahola (Agricultural) Hawaiian Home Land, HI",5.0,0.0,0.0,2.0,0.0,0.0,0.0,0.0,0.0,0.0,0.0,2.0,1.0,0.0,0.0,0.0,0.0,5003
5067,"Kanehili Hawaiian Home Land, HI",0.0,0.0,0.0,0.0,0.0,0.0,0.0,0.0,0.0,0.0,0.0,0.0,0.0,0.0,0.0,0.0,0.0,5067
5018,"Homuula-Upper Piihonua Hawaiian Home Land, HI",0.0,0.0,0.0,0.0,0.0,0.0,0.0,0.0,0.0,0.0,0.0,0.0,0.0,0.0,0.0,0.0,0.0,5018
5043,"Kakaina-Kumuhau Hawaiian Home Land, HI",0.0,0.0,0.0,0.0,0.0,0.0,0.0,0.0,0.0,0.0,0.0,0.0,0.0,0.0,0.0,0.0,0.0,5043
5029,"Honokowai Hawaiian Home Land, HI",0.0,0.0,0.0,0.0,0.0,0.0,0.0,0.0,0.0,0.0,0.0,0.0,0.0,0.0,0.0,0.0,0.0,5029
5031,"Honomu Hawaiian Home Land, HI",0.0,0.0,0.0,0.0,0.0,0.0,0.0,0.0,0.0,0.0,0.0,0.0,0.0,0.0,0.0,0.0,0.0,5031
5069,"Kaohe-Olaa Hawaiian Home Land, HI",0.0,0.0,0.0,0.0,0.0,0.0,0.0,0.0,0.0,0.0,0.0,0.0,0.0,0.0,0.0,0.0,0.0,5069
5098,"Keahuolu Hawaiian Home Land, HI",0.0,0.0,0.0,0.0,0.0,0.0,0.0,0.0,0.0,0.0,0.0,0.0,0.0,0.0,0.0,0.0,0.0,5098
5033,"Hoolehua-Palaaau Hawaiian Home Land, HI",10.0,2.0,0.0,0.0,0.0,0.0,3.0,0.0,0.0,0.0,0.0,0.0,3.0,0.0,0.0,2.0,0.0,5033
5116,"Keoniki Hawaiian Home Land, HI",0.0,0.0,0.0,0.0,0.0,0.0,0.0,0.0,0.0,0.0,0.0,0.0,0.0,0.0,0.0,0.0,0.0,5116
5030,"Honolulu Makai Hawaiian Home Land, HI",0.0,0.0,0.0,0.0,0.0,0.0,0.0,0.0,0.0,0.0,0.0,0.0,0.0,0.0,0.0,0.0,0.0,5030
5009,"Haiku Hawaiian Home Land, HI",0.0,0.0,0.0,0.0,0.0,0.0,0.0,0.0,0.0,0.0,0.0,0.0,0.0,0.0,0.0,0.0,0.0,5009
5101,"Kealakehe Hawaiian Home Land, HI",15.0,0.0,0.0,2.0,0.0,0.0,0.0,0.0,1.0,0.0,4.0,2.0,4.0,0.0,2.0,0.0,0.0,5101
5106,"Keaukaha Hawaiian Home Land, HI",7.0,0.0,0.0,0.0,5.0,0.0,0.0,0.0,0.0,0.0,0.0,0.0,0.0,0.0,2.0,0.0,0.0,5106
5111,"Kekaha Hawaiian Home Land, HI",0.0,0.0,0.0,0.0,0.0,0.0,0.0,0.0,0.0,0.0,0.0,0.0,0.0,0.0,0.0,0.0,0.0,5111
5133,"Lalamilo Hawaiian Home Land, HI",2.0,0.0,0.0,0.0,0.0,0.0,0.0,0.0,0.0,0.0,0.0,2.0,0.0,0.0,0.0,0.0,0.0,5133
5136,"Lualualei Hawaiian Home Land, HI",3.0,0.0,0.0,0.0,0.0,0.0,2.0,0.0,0.0,0.0,0.0,0.0,0.0,1.0,0.0,0.0,0.0,5136
5146,"Makuu Hawaiian Home Land, HI",3.0,0.0,0.0,0.0,0.0,0.0,0.0,0.0,1.0,2.0,0.0,0.0,0.0,0.0,0.0,0.0,0.0,5146
5156,"Moloaa Hawaiian Home Land, HI",2.0,0.0,0.0,0.0,0.0,0.0,0.0,0.0,0.0,0.0,0.0,0.0,0.0,2.0,0.0,0.0,0.0,5156
5161,"Nanakuli Hawaiian Home Land, HI",35.0,7.0,5.0,0.0,0.0,0.0,0.0,5.0,0.0,0.0,0.0,0.0,14.0,0.0,4.0,0.0,0.0,5161
5166,"Nienie Hawaiian Home Land, HI",10.0,0.0,0.0,0.0,0.0,0.0,0.0,10.0,0.0,0.0,0.0,0.0,0.0,0.0,0.0,0.0,0.0,5166
5181,"Pauahi Hawaiian Home Land, HI",0.0,0.0,0.0,0.0,0.0,0.0,0.0,0.0,0.0,0.0,0.0,0.0,0.0,0.0,0.0,0.0,0.0,5181
5186,"Paukukalo Hawaiian Home Land, HI",4.0,0.0,0.0,0.0,0.0,0.0,0.0,0.0,0.0,0.0,0.0,0.0,0.0,0.0,2.0,0.0,2.0,5186
5134,"Lanai City Hawaiian Home Land, HI",7.0,0.0,0.0,0.0,0.0,0.0,0.0,0.0,0.0,0.0,0.0,0.0,0.0,7.0,0.0,0.0,0.0,5134
5104,"Keanae-Wailua Hawaiian Home Land, HI",0.0,0.0,0.0,0.0,0.0,0.0,0.0,0.0,0.0,0.0,0.0,0.0,0.0,0.0,0.0,0.0,0.0,5104
5198,"Princess Kahanu Estates Hawaiian Home Land, HI",15.0,0.0,0.0,0.0,0.0,0.0,0.0,0.0,0.0,0.0,0.0,2.0,4.0,0.0,6.0,0.0,3.0,5198
5120,"Kewalo Hawaiian Home Land, HI",0.0,0.0,0.0,0.0,0.0,0.0,0.0,0.0,0.0,0.0,0.0,0.0,0.0,0.0,0.0,0.0,0.0,5120
5177,"Panaewa (Residential) Hawaiian Home Land, HI",7.0,0.0,1.0,0.0,0.0,0.0,2.0,0.0,0.0,2.0,0.0,0.0,0.0,2.0,0.0,0.0,0.0,5177
5135,"Leialii Hawaiian Home Land, HI",8.0,0.0,0.0,0.0,0.0,0.0,0.0,2.0,0.0,0.0,0.0,2.0,4.0,0.0,0.0,0.0,0.0,5135
5199,"Pulehunui Hawaiian Home Land, HI",0.0,0.0,0.0,0.0,0.0,0.0,0.0,0.0,0.0,0.0,0.0,0.0,0.0,0.0,0.0,0.0,0.0,5199
5193,"Piihonua Hawaiian Home Land, HI",0.0,0.0,0.0,0.0,0.0,0.0,0.0,0.0,0.0,0.0,0.0,0.0,0.0,0.0,0.0,0.0,0.0,5193
5138,"Maili Hawaiian Home Land, HI",0.0,0.0,0.0,0.0,0.0,0.0,0.0,0.0,0.0,0.0,0.0,0.0,0.0,0.0,0.0,0.0,0.0,5138
5148,"Maluohai Hawaiian Home Land, HI",2.0,0.0,0.0,0.0,0.0,0.0,0.0,0.0,0.0,0.0,0.0,0.0,0.0,0.0,0.0,0.0,2.0,5148
5114,"Keokea (Agricultural) Hawaiian Home Land, HI",0.0,0.0,0.0,0.0,0.0,0.0,0.0,0.0,0.0,0.0,0.0,0.0,0.0,0.0,0.0,0.0,0.0,5114
5188,"Pearl City Hawaiian Home Land, HI",5.0,0.0,0.0,0.0,0.0,0.0,0.0,0.0,2.0,0.0,0.0,1.0,0.0,2.0,0.0,0.0,0.0,5188
5196,"Ponohawaii Hawaiian Home Land, HI",0.0,0.0,0.0,0.0,0.0,0.0,0.0,0.0,0.0,0.0,0.0,0.0,0.0,0.0,0.0,0.0,0.0,5196
5179,"Papakolea Hawaiian Home Land, HI",7.0,0.0,0.0,0.0,0.0,0.0,0.0,0.0,0.0,0.0,0.0,0.0,5.0,0.0,2.0,0.0,0.0,5179
5139,"Makaha Valley Hawaiian Home Land, HI",0.0,0.0,0.0,0.0,0.0,0.0,0.0,0.0,0.0,0.0,0.0,0.0,0.0,0.0,0.0,0.0,0.0,5139
5123,"Kolaoa Hawaiian Home Land, HI",0.0,0.0,0.0,0.0,0.0,0.0,0.0,0.0,0.0,0.0,0.0,0.0,0.0,0.0,0.0,0.0,0.0,5123
5176,"Panaewa (Agricultural) Hawaiian Home Land, HI",12.0,0.0,0.0,1.0,0.0,0.0,0.0,2.0,0.0,2.0,0.0,0.0,1.0,2.0,3.0,0.0,1.0,5176
5281,"Waimea Hawaiian Home Land, HI",0.0,0.0,0.0,0.0,0.0,0.0,0.0,0.0,0.0,0.0,0.0,0.0,0.0,0.0,0.0,0.0,0.0,5281
5201,"Puukapu Hawaiian Home Land, HI",12.0,0.0,0.0,0.0,0.0,0.0,2.0,2.0,0.0,3.0,3.0,0.0,2.0,0.0,0.0,0.0,0.0,5201
5216,"Ualapue Hawaiian Home Land, HI",7.0,0.0,5.0,0.0,0.0,0.0,0.0,0.0,0.0,0.0,0.0,0.0,0.0,0.0,2.0,0.0,0.0,5216
5236,"Waiakea Hawaiian Home Land, HI",0.0,0.0,0.0,0.0,0.0,0.0,0.0,0.0,0.0,0.0,0.0,0.0,0.0,0.0,0.0,0.0,0.0,5236
5241,"Waiehu Hawaiian Home Land, HI",27.0,3.0,0.0,0.0,0.0,0.0,0.0,2.0,2.0,0.0,5.0,0.0,2.0,3.0,1.0,2.0,7.0,5241
5251,"Wailau Hawaiian Home Land, HI",0.0,0.0,0.0,0.0,0.0,0.0,0.0,0.0,0.0,0.0,0.0,0.0,0.0,0.0,0.0,0.0,0.0,5251
5271,"Waimanalo Hawaiian Home Land, HI",3.0,0.0,0.0,0.0,0.0,0.0,0.0,0.0,0.0,0.0,0.0,3.0,0.0,0.0,0.0,0.0,0.0,5271
5276,"Waimanu Hawaiian Home Land, HI",0.0,0.0,0.0,0.0,0.0,0.0,0.0,0.0,0.0,0.0,0.0,0.0,0.0,0.0,0.0,0.0,0.0,5276
5222,"Upolu Hawaiian Home Land, HI",0.0,0.0,0.0,0.0,0.0,0.0,0.0,0.0,0.0,0.0,0.0,0.0,0.0,0.0,0.0,0.0,0.0,5222
5286,"Waiohuli (Residential) Hawaiian Home Land, HI",15.0,0.0,0.0,0.0,0.0,0.0,2.0,0.0,2.0,0.0,2.0,0.0,6.0,0.0,0.0,3.0,0.0,5286
5239,"Waianae Kai Hawaiian Home Land, HI",7.0,1.0,1.0,0.0,0.0,0.0,0.0,0.0,0.0,0.0,2.0,0.0,1.0,2.0,0.0,0.0,0.0,5239
5248,"Waiku-Hana Hawaiian Home Land, HI",0.0,0.0,0.0,0.0,0.0,0.0,0.0,0.0,0.0,0.0,0.0,0.0,0.0,0.0,0.0,0.0,0.0,5248
5256,"Wailua Hawaiian Home Land, HI",0.0,0.0,0.0,0.0,0.0,0.0,0.0,0.0,0.0,0.0,0.0,0.0,0.0,0.0,0.0,0.0,0.0,5256
5213,"South Maui Hawaiian Home Land, HI",0.0,0.0,0.0,0.0,0.0,0.0,0.0,0.0,0.0,0.0,0.0,0.0,0.0,0.0,0.0,0.0,0.0,5213
5223,"Waiahole Hawaiian Home Land, HI",0.0,0.0,0.0,0.0,0.0,0.0,0.0,0.0,0.0,0.0,0.0,0.0,0.0,0.0,0.0,0.0,0.0,5223
5238,"Waianae Hawaiian Home Land, HI",6.0,0.0,0.0,0.0,0.0,0.0,0.0,0.0,2.0,0.0,0.0,2.0,0.0,0.0,2.0,0.0,0.0,5238
5283,"Waiohinu Hawaiian Home Land, HI",0.0,0.0,0.0,0.0,0.0,0.0,0.0,0.0,0.0,0.0,0.0,0.0,0.0,0.0,0.0,0.0,0.0,5283
5640,"Eastern Shawnee OTSA, OK",220.0,6.0,18.0,10.0,6.0,17.0,11.0,9.0,15.0,8.0,15.0,18.0,37.0,20.0,11.0,14.0,5.0,5640
5620,"Creek OTSA, OK",224306.0,12979.0,10661.0,11410.0,10893.0,10918.0,10844.0,10892.0,11466.0,9687.0,18489.0,24178.0,28196.0,19033.0,11218.0,11594.0,11848.0,5620
5670,"Iowa OTSA, OK",2109.0,116.0,113.0,110.0,95.0,116.0,139.0,107.0,131.0,108.0,192.0,213.0,296.0,148.0,97.0,63.0,65.0,5670
5600,"Citizen Potawatomi Nation-Absentee Shawnee OTSA, OK",36193.0,1525.0,1476.0,1285.0,1819.0,1686.0,1769.0,1599.0,1434.0,1517.0,3238.0,4404.0,5693.0,3386.0,2159.0,1834.0,1369.0,5600
5690,"Kaw OTSA, OK",2052.0,131.0,94.0,121.0,127.0,121.0,153.0,108.0,99.0,98.0,174.0,212.0,273.0,136.0,112.0,55.0,38.0,5690
5540,"Caddo-Wichita-Delaware OTSA, OK",4426.0,279.0,208.0,246.0,234.0,264.0,201.0,249.0,223.0,170.0,389.0,484.0,616.0,403.0,201.0,131.0,128.0,5540
5580,"Chickasaw OTSA, OK",93636.0,6487.0,5492.0,5490.0,5269.0,5247.0,5208.0,4485.0,4631.0,4082.0,8075.0,10242.0,11628.0,7363.0,3754.0,3219.0,2964.0,5580
5590,"Choctaw OTSA, OK",66688.0,5781.0,5552.0,4846.0,4585.0,4377.0,4275.0,3591.0,3519.0,2867.0,4938.0,6514.0,6886.0,4292.0,1851.0,1368.0,1446.0,5590
5560,"Cheyenne-Arapaho OTSA, OK",54026.0,2784.0,2176.0,2311.0,2684.0,2204.0,2689.0,2755.0,2528.0,2037.0,4076.0,6186.0,8234.0,5469.0,2953.0,2647.0,2293.0,5560
5550,"Cherokee OTSA, OK",129273.0,8961.0,8159.0,7886.0,7491.0,7807.0,7117.0,6986.0,6568.0,5286.0,11168.0,13528.0,15314.0,9504.0,5151.0,4722.0,3625.0,5550
9960,"United Houma Nation (state) SDTSA, LA",55073.0,3566.0,2859.0,2598.0,3332.0,2853.0,2537.0,2130.0,2640.0,2082.0,4320.0,5793.0,7242.0,4895.0,3283.0,2893.0,2050.0,9960
9970,"Waccamaw Siouan (state) SDTSA, NC",169.0,17.0,11.0,22.0,3.0,8.0,12.0,3.0,9.0,6.0,10.0,11.0,32.0,18.0,4.0,3.0,0.0,9970
9967,"Waccamaw SDTSA, SC",12.0,0.0,0.0,0.0,0.0,0.0,0.0,2.0,0.0,0.0,0.0,0.0,8.0,2.0,0.0,0.0,0.0,9967
9963,"Upper South Carolina Pee Dee SDTSA, SC",193.0,16.0,17.0,10.0,9.0,16.0,11.0,10.0,10.0,8.0,12.0,20.0,16.0,13.0,9.0,7.0,9.0,9963
9950,"United Cherokee Ani-Yun-Wiya Nation SDTSA, AL",2141.0,215.0,166.0,118.0,131.0,113.0,127.0,108.0,101.0,79.0,152.0,224.0,199.0,138.0,95.0,87.0,88.0,9950
9975,"Wassamasaw SDTSA, SC",609.0,20.0,17.0,37.0,29.0,33.0,42.0,44.0,41.0,22.0,85.0,88.0,66.0,24.0,25.0,29.0,7.0,9975
9830,"Nanticoke Indian Tribe (state) SDTSA, DE",2795.0,117.0,97.0,129.0,108.0,107.0,100.0,129.0,116.0,109.0,184.0,374.0,502.0,262.0,176.0,159.0,126.0,9830
9815,"Lumbee (state) SDTSA, NC",79144.0,5712.0,3812.0,4017.0,4690.0,4582.0,4781.0,4190.0,4199.0,4403.0,6643.0,8628.0,10359.0,5646.0,2999.0,2619.0,1864.0,9815
9820,"MaChis Lower Creek (state) SDTSA, AL",7381.0,491.0,573.0,389.0,508.0,409.0,437.0,362.0,349.0,322.0,559.0,790.0,908.0,573.0,310.0,283.0,118.0,9820
9825,"Meherrin (state) SDTSA, NC",818.0,48.0,66.0,57.0,52.0,56.0,53.0,52.0,32.0,34.0,86.0,60.0,105.0,50.0,36.0,19.0,12.0,9825
9835,"Nanticoke Lenni Lenape (state) SDTSA, NJ",594.0,49.0,27.0,30.0,25.0,28.0,21.0,27.0,39.0,26.0,49.0,55.0,95.0,59.0,25.0,26.0,13.0,9835
9850,"Ramapough (state) SDTSA, NJ",128.0,8.0,4.0,0.0,8.0,4.0,2.0,3.0,3.0,1.0,7.0,9.0,17.0,14.0,11.0,23.0,14.0,9850
9880,"Star Muskogee Creek (state) SDTSA, AL",1324.0,107.0,83.0,97.0,68.0,79.0,77.0,108.0,58.0,58.0,114.0,149.0,156.0,89.0,39.0,30.0,12.0,9880
9800,"Lenape Indian Tribe of Delaware SDTSA, DE",131.0,13.0,11.0,11.0,15.0,9.0,11.0,13.0,5.0,3.0,8.0,13.0,8.0,5.0,2.0,4.0,0.0,9800
9844,"Pee Dee SDTSA, SC",269.0,23.0,18.0,16.0,25.0,22.0,9.0,22.0,13.0,18.0,27.0,22.0,25.0,15.0,5.0,3.0,6.0,9844
9875,"Santee SDTSA, SC",61.0,1.0,1.0,1.0,11.0,9.0,5.0,3.0,2.0,4.0,5.0,2.0,3.0,1.0,1.0,7.0,5.0,9875
9865,"Sappony SDTSA, NC",673.0,35.0,33.0,32.0,38.0,31.0,33.0,59.0,39.0,33.0,67.0,66.0,89.0,62.0,20.0,18.0,18.0,9865
9838,"Occaneechi-Saponi SDTSA, NC",2374.0,142.0,114.0,85.0,85.0,117.0,121.0,106.0,135.0,70.0,169.0,277.0,362.0,240.0,119.0,128.0,104.0,9838
9680,"Echota Cherokee (state) SDTSA, AL",17284.0,1054.0,1052.0,895.0,760.0,851.0,932.0,927.0,881.0,689.0,1211.0,1527.0,2380.0,1576.0,1007.0,1085.0,457.0,9680
9720,"Four Winds Cherokee (state) SDTSA, LA",7277.0,546.0,428.0,426.0,386.0,345.0,348.0,417.0,479.0,383.0,595.0,847.0,824.0,598.0,304.0,216.0,135.0,9720
9745,"Haliwa-Saponi (state) SDTSA, NC",391.0,26.0,41.0,34.0,22.0,6.0,23.0,36.0,8.0,40.0,12.0,61.0,43.0,20.0,9.0,4.0,6.0,9745
9630,"Clifton Choctaw (state) SDTSA, LA",87.0,5.0,11.0,6.0,1.0,5.0,3.0,1.0,1.0,2.0,12.0,10.0,12.0,12.0,4.0,2.0,0.0,9630
9635,"Coharie (state) SDTSA, NC",13796.0,1062.0,864.0,926.0,738.0,842.0,711.0,713.0,588.0,594.0,1151.0,1484.0,1779.0,1018.0,531.0,451.0,344.0,9635
9675,"Eastern Chickahominy (state) SDTSA, VA",66.0,2.0,2.0,0.0,0.0,7.0,0.0,1.0,8.0,0.0,6.0,4.0,18.0,7.0,4.0,1.0,6.0,9675
6400,"Deering ANVSA, AK",2.0,0.0,0.0,0.0,0.0,0.0,0.0,0.0,0.0,0.0,2.0,0.0,0.0,0.0,0.0,0.0,0.0,6400
6450,"Eklutna ANVSA, AK",0.0,0.0,0.0,0.0,0.0,0.0,0.0,0.0,0.0,0.0,0.0,0.0,0.0,0.0,0.0,0.0,0.0,6450
6430,"Eagle ANVSA, AK",7.0,0.0,0.0,0.0,0.0,0.0,0.0,0.0,0.0,3.0,0.0,2.0,2.0,0.0,0.0,0.0,0.0,6430
6495,"Eyak ANVSA, AK",58.0,0.0,1.0,2.0,0.0,1.0,0.0,0.0,3.0,0.0,3.0,4.0,2.0,5.0,9.0,21.0,7.0,6495
6440,"Eek ANVSA, AK",0.0,0.0,0.0,0.0,0.0,0.0,0.0,0.0,0.0,0.0,0.0,0.0,0.0,0.0,0.0,0.0,0.0,6440
6405,"Dillingham ANVSA, AK",224.0,5.0,0.0,3.0,8.0,5.0,4.0,4.0,3.0,10.0,11.0,33.0,29.0,47.0,18.0,32.0,12.0,6405
6460,"Ekwok ANVSA, AK",0.0,0.0,0.0,0.0,0.0,0.0,0.0,0.0,0.0,0.0,0.0,0.0,0.0,0.0,0.0,0.0,0.0,6460
6455,"Ekuk ANVSA, AK",0.0,0.0,0.0,0.0,0.0,0.0,0.0,0.0,0.0,0.0,0.0,0.0,0.0,0.0,0.0,0.0,0.0,6455
6415,"Dot Lake ANVSA, AK",3.0,0.0,0.0,0.0,0.0,0.0,0.0,0.0,0.0,0.0,0.0,0.0,0.0,3.0,0.0,0.0,0.0,6415
6490,"Evansville ANVSA, AK",5.0,0.0,0.0,0.0,2.0,0.0,1.0,0.0,0.0,0.0,0.0,2.0,0.0,0.0,0.0,0.0,0.0,6490
6445,"Egegik ANVSA, AK",8.0,0.0,0.0,1.0,0.0,4.0,0.0,0.0,2.0,0.0,0.0,0.0,0.0,1.0,0.0,0.0,0.0,6445
6480,"Emmonak ANVSA, AK",7.0,0.0,0.0,0.0,0.0,0.0,0.0,0.0,0.0,0.0,0.0,2.0,0.0,5.0,0.0,0.0,0.0,6480
6700,"Karluk ANVSA, AK",0.0,0.0,0.0,0.0,0.0,0.0,0.0,0.0,0.0,0.0,0.0,0.0,0.0,0.0,0.0,0.0,0.0,6700
6750,"Kipnuk ANVSA, AK",2.0,0.0,0.0,0.0,0.0,0.0,2.0,0.0,0.0,0.0,0.0,0.0,0.0,0.0,0.0,0.0,0.0,6750
6730,"Kiana ANVSA, AK",7.0,0.0,0.0,0.0,0.0,0.0,0.0,0.0,0.0,3.0,0.0,0.0,3.0,1.0,0.0,0.0,0.0,6730
6720,"Kenaitze ANVSA, AK",11455.0,464.0,376.0,486.0,528.0,384.0,387.0,525.0,364.0,216.0,967.0,1288.0,1599.0,1345.0,859.0,1102.0,565.0,6720
6790,"Kobuk ANVSA, AK",6.0,0.0,0.0,0.0,0.0,0.0,0.0,0.0,0.0,1.0,2.0,0.0,3.0,0.0,0.0,0.0,0.0,6790
6705,"Kasaan ANVSA, AK",21.0,2.0,4.0,0.0,0.0,2.0,0.0,2.0,2.0,0.0,3.0,1.0,3.0,2.0,0.0,0.0,0.0,6705
6765,"Klawock ANVSA, AK",107.0,9.0,7.0,18.0,4.0,4.0,2.0,3.0,4.0,10.0,13.0,9.0,8.0,8.0,6.0,2.0,0.0,6765
6710,"Kasigluk ANVSA, AK",0.0,0.0,0.0,0.0,0.0,0.0,0.0,0.0,0.0,0.0,0.0,0.0,0.0,0.0,0.0,0.0,0.0,6710
6785,"Knik ANVSA, AK",19731.0,929.0,708.0,786.0,669.0,654.0,687.0,736.0,648.0,691.0,1334.0,1961.0,3013.0,2500.0,1608.0,1758.0,1049.0,6785
6755,"Kivalina ANVSA, AK",5.0,0.0,1.0,2.0,0.0,0.0,0.0,0.0,0.0,0.0,0.0,0.0,2.0,0.0,0.0,0.0,0.0,6755
6735,"King Cove ANVSA, AK",51.0,2.0,0.0,4.0,0.0,0.0,8.0,3.0,0.0,0.0,2.0,11.0,8.0,6.0,5.0,2.0,0.0,6735
6365,"Copper Center ANVSA, AK",76.0,4.0,4.0,0.0,2.0,0.0,8.0,2.0,1.0,0.0,6.0,5.0,21.0,7.0,12.0,2.0,2.0,6365
6350,"Circle ANVSA, AK",4.0,0.0,0.0,0.0,0.0,0.0,2.0,0.0,0.0,0.0,0.0,0.0,0.0,0.0,0.0,2.0,0.0,6350
6330,"Chitina ANVSA, AK",16.0,0.0,6.0,0.0,0.0,0.0,0.0,3.0,5.0,0.0,0.0,0.0,2.0,0.0,0.0,0.0,0.0,6330
6335,"Chuathbaluk ANVSA, AK",4.0,0.0,0.0,0.0,0.0,0.0,0.0,0.0,0.0,2.0,0.0,2.0,0.0,0.0,0.0,0.0,0.0,6335
6390,"Crooked Creek ANVSA, AK",4.0,0.0,0.0,0.0,0.0,0.0,2.0,0.0,0.0,0.0,0.0,0.0,0.0,0.0,2.0,0.0,0.0,6390
6380,"Council ANVSA, AK",0.0,0.0,0.0,0.0,0.0,0.0,0.0,0.0,0.0,0.0,0.0,0.0,0.0,0.0,0.0,0.0,0.0,6380
6325,"Chistochina ANVSA, AK",5.0,0.0,0.0,0.0,0.0,0.0,0.0,0.0,0.0,0.0,0.0,3.0,0.0,0.0,0.0,2.0,0.0,6325
6315,"Chilkoot ANVSA, AK",156.0,3.0,14.0,16.0,12.0,15.0,8.0,7.0,11.0,9.0,9.0,24.0,2.0,16.0,4.0,6.0,0.0,6315
6305,"Chignik Lake ANVSA, AK",1.0,0.0,0.0,0.0,0.0,0.0,0.0,0.0,0.0,0.0,0.0,0.0,0.0,1.0,0.0,0.0,0.0,6305
6300,"Chignik Lagoon ANVSA, AK",2.0,0.0,0.0,0.0,0.0,0.0,0.0,0.0,0.0,0.0,0.0,0.0,0.0,0.0,0.0,2.0,0.0,6300
6385,"Craig ANVSA, AK",465.0,13.0,15.0,16.0,11.0,20.0,13.0,24.0,16.0,18.0,35.0,57.0,61.0,64.0,49.0,26.0,27.0,6385
6340,"Chulloonawick ANVSA, AK",0.0,0.0,0.0,0.0,0.0,0.0,0.0,0.0,0.0,0.0,0.0,0.0,0.0,0.0,0.0,0.0,0.0,6340
6310,"Chilkat ANVSA, AK",1.0,0.0,0.0,0.0,0.0,0.0,0.0,0.0,0.0,0.0,0.0,0.0,1.0,0.0,0.0,0.0,0.0,6310
6615,"Hydaburg ANVSA, AK",5.0,0.0,0.0,0.0,0.0,0.0,0.0,0.0,0.0,0.0,0.0,2.0,3.0,0.0,0.0,0.0,0.0,6615
6650,"Ivanof Bay ANVSA, AK",0.0,0.0,0.0,0.0,0.0,0.0,0.0,0.0,0.0,0.0,0.0,0.0,0.0,0.0,0.0,0.0,0.0,6650
6840,"Kwigillingok ANVSA, AK",2.0,0.0,0.0,0.0,0.0,0.0,0.0,0.0,0.0,0.0,0.0,0.0,0.0,0.0,0.0,0.0,2.0,6840
6855,"Larsen Bay ANVSA, AK",7.0,0.0,0.0,0.0,0.0,0.0,2.0,2.0,0.0,0.0,0.0,0.0,0.0,0.0,3.0,0.0,0.0,6855
6835,"Kwethluk ANVSA, AK",0.0,0.0,0.0,0.0,0.0,0.0,0.0,0.0,0.0,0.0,0.0,0.0,0.0,0.0,0.0,0.0,0.0,6835
6890,"Lower Kalskag ANVSA, AK",0.0,0.0,0.0,0.0,0.0,0.0,0.0,0.0,0.0,0.0,0.0,0.0,0.0,0.0,0.0,0.0,0.0,6890
6810,"Kongiganak ANVSA, AK",1.0,0.0,0.0,0.0,0.0,0.0,0.0,0.0,0.0,0.0,0.0,0.0,0.0,1.0,0.0,0.0,0.0,6810
6825,"Koyuk ANVSA, AK",5.0,0.0,0.0,0.0,0.0,0.0,0.0,0.0,0.0,0.0,3.0,2.0,0.0,0.0,0.0,0.0,0.0,6825
6875,"Lime Village ANVSA, AK",0.0,0.0,0.0,0.0,0.0,0.0,0.0,0.0,0.0,0.0,0.0,0.0,0.0,0.0,0.0,0.0,0.0,6875
6800,"Kokhanok ANVSA, AK",4.0,0.0,0.0,0.0,0.0,0.0,0.0,0.0,0.0,2.0,0.0,0.0,0.0,0.0,2.0,0.0,0.0,6800
6820,"Kotzebue ANVSA, AK",292.0,7.0,7.0,0.0,0.0,3.0,0.0,4.0,6.0,0.0,17.0,18.0,33.0,31.0,52.0,67.0,47.0,6820
6815,"Kotlik ANVSA, AK",11.0,0.0,0.0,0.0,0.0,0.0,0.0,0.0,0.0,0.0,0.0,3.0,2.0,6.0,0.0,0.0,0.0,6815
6895,"McGrath ANVSA, AK",66.0,2.0,0.0,6.0,0.0,2.0,0.0,1.0,5.0,5.0,8.0,12.0,11.0,6.0,1.0,5.0,2.0,6895
6830,"Koyukuk ANVSA, AK",0.0,0.0,0.0,0.0,0.0,0.0,0.0,0.0,0.0,0.0,0.0,0.0,0.0,0.0,0.0,0.0,0.0,6830
6865,"Levelock ANVSA, AK",1.0,0.0,0.0,0.0,0.0,0.0,0.0,0.0,0.0,0.0,1.0,0.0,0.0,0.0,0.0,0.0,0.0,6865
6845,"Kwinhagak ANVSA, AK",3.0,0.0,0.0,1.0,0.0,2.0,0.0,0.0,0.0,0.0,0.0,0.0,0.0,0.0,0.0,0.0,0.0,6845
7080,"Ninilchik ANVSA, AK",5349.0,255.0,245.0,225.0,244.0,220.0,282.0,252.0,270.0,213.0,412.0,605.0,756.0,526.0,299.0,291.0,254.0,7080
7035,"Newhalen ANVSA, AK",5.0,2.0,0.0,0.0,0.0,0.0,1.0,0.0,0.0,0.0,0.0,1.0,0.0,1.0,0.0,0.0,0.0,7035
7055,"Newtok ANVSA, AK",3.0,0.0,0.0,0.0,0.0,0.0,0.0,0.0,0.0,0.0,0.0,0.0,0.0,3.0,0.0,0.0,0.0,7055
7050,"New Stuyahok ANVSA, AK",1.0,0.0,0.0,0.0,0.0,0.0,0.0,0.0,0.0,0.0,0.0,0.0,0.0,1.0,0.0,0.0,0.0,7050
7005,"Napaimute ANVSA, AK",0.0,0.0,0.0,0.0,0.0,0.0,0.0,0.0,0.0,0.0,0.0,0.0,0.0,0.0,0.0,0.0,0.0,7005
7085,"Noatak ANVSA, AK",2.0,0.0,0.0,0.0,0.0,0.0,0.0,0.0,0.0,0.0,0.0,2.0,0.0,0.0,0.0,0.0,0.0,7085
7030,"Nenana ANVSA, AK",72.0,0.0,6.0,10.0,8.0,0.0,3.0,2.0,3.0,2.0,3.0,6.0,4.0,14.0,1.0,6.0,4.0,7030
7075,"Nikolski ANVSA, AK",3.0,0.0,1.0,0.0,0.0,0.0,0.0,0.0,0.0,2.0,0.0,0.0,0.0,0.0,0.0,0.0,0.0,7075
7025,"Nelson Lagoon ANVSA, AK",5.0,0.0,0.0,0.0,0.0,0.0,0.0,0.0,0.0,0.0,0.0,0.0,2.0,0.0,0.0,3.0,0.0,7025
7020,"Napaskiak ANVSA, AK",2.0,0.0,0.0,0.0,0.0,0.0,0.0,0.0,0.0,0.0,0.0,0.0,2.0,0.0,0.0,0.0,0.0,7020
7065,"Nightmute ANVSA, AK",0.0,0.0,0.0,0.0,0.0,0.0,0.0,0.0,0.0,0.0,0.0,0.0,0.0,0.0,0.0,0.0,0.0,7065
7040,"New Koliganek ANVSA, AK",6.0,0.0,0.0,0.0,0.0,0.0,0.0,0.0,0.0,0.0,2.0,0.0,0.0,2.0,0.0,0.0,2.0,7040
7010,"Napakiak ANVSA, AK",3.0,0.0,0.0,0.0,0.0,0.0,0.0,0.0,0.0,0.0,0.0,0.0,3.0,0.0,0.0,0.0,0.0,7010
7070,"Nikolai ANVSA, AK",7.0,0.0,0.0,0.0,0.0,0.0,2.0,1.0,0.0,0.0,1.0,1.0,1.0,0.0,1.0,0.0,0.0,7070
6910,"Marshall ANVSA, AK",0.0,0.0,0.0,0.0,0.0,0.0,0.0,0.0,0.0,0.0,0.0,0.0,0.0,0.0,0.0,0.0,0.0,6910
6905,"Manokotak ANVSA, AK",0.0,0.0,0.0,0.0,0.0,0.0,0.0,0.0,0.0,0.0,0.0,0.0,0.0,0.0,0.0,0.0,0.0,6905
6975,"Mountain Village ANVSA, AK",0.0,0.0,0.0,0.0,0.0,0.0,0.0,0.0,0.0,0.0,0.0,0.0,0.0,0.0,0.0,0.0,0.0,6975
6990,"Naknek ANVSA, AK",105.0,2.0,2.0,2.0,0.0,2.0,4.0,2.0,8.0,5.0,12.0,12.0,8.0,13.0,17.0,8.0,8.0,6990
6915,"Mary's Igloo ANVSA, AK",0.0,0.0,0.0,0.0,0.0,0.0,0.0,0.0,0.0,0.0,0.0,0.0,0.0,0.0,0.0,0.0,0.0,6915
6945,"Mentasta Lake ANVSA, AK",0.0,0.0,0.0,0.0,0.0,0.0,0.0,0.0,0.0,0.0,0.0,0.0,0.0,0.0,0.0,0.0,0.0,6945
6965,"Minto ANVSA, AK",1.0,0.0,0.0,0.0,0.0,0.0,0.0,0.0,1.0,0.0,0.0,0.0,0.0,0.0,0.0,0.0,0.0,6965
6935,"Mekoryuk ANVSA, AK",1.0,0.0,0.0,0.0,0.0,0.0,0.0,0.0,0.0,0.0,0.0,1.0,0.0,0.0,0.0,0.0,0.0,6935
6900,"Manley Hot Springs ANVSA, AK",31.0,0.0,0.0,3.0,0.0,0.0,8.0,2.0,2.0,2.0,3.0,3.0,2.0,1.0,4.0,1.0,0.0,6900
6995,"Nanwalek ANVSA, AK",7.0,0.0,0.0,0.0,0.0,0.0,0.0,0.0,0.0,1.0,4.0,0.0,0.0,0.0,2.0,0.0,0.0,6995
7150,"Old Harbor ANVSA, AK",15.0,0.0,0.0,3.0,0.0,0.0,0.0,0.0,0.0,2.0,0.0,3.0,2.0,0.0,0.0,0.0,5.0,7150
7180,"Ouzinkie ANVSA, AK",15.0,0.0,8.0,0.0,0.0,0.0,2.0,0.0,0.0,0.0,3.0,0.0,2.0,0.0,0.0,0.0,0.0,7180
7125,"Nuiqsut ANVSA, AK",6.0,0.0,0.0,0.0,0.0,0.0,0.0,0.0,0.0,0.0,0.0,1.0,3.0,1.0,0.0,0.0,1.0,7125
7100,"Nondalton ANVSA, AK",8.0,0.0,0.0,0.0,0.0,0.0,0.0,0.0,0.0,1.0,1.0,3.0,0.0,1.0,0.0,2.0,0.0,7100
7145,"Ohogamiut ANVSA, AK",0.0,0.0,0.0,0.0,0.0,0.0,0.0,0.0,0.0,0.0,0.0,0.0,0.0,0.0,0.0,0.0,0.0,7145
7185,"Paimiut ANVSA, AK",0.0,0.0,0.0,0.0,0.0,0.0,0.0,0.0,0.0,0.0,0.0,0.0,0.0,0.0,0.0,0.0,0.0,7185
7135,"Nunapitchuk ANVSA, AK",0.0,0.0,0.0,0.0,0.0,0.0,0.0,0.0,0.0,0.0,0.0,0.0,0.0,0.0,0.0,0.0,0.0,7135
7175,"Oscarville ANVSA, AK",1.0,0.0,0.0,0.0,0.0,0.0,0.0,0.0,0.0,0.0,0.0,0.0,0.0,1.0,0.0,0.0,0.0,7175
7110,"Noorvik ANVSA, AK",4.0,0.0,0.0,0.0,0.0,0.0,0.0,0.0,1.0,1.0,0.0,2.0,0.0,0.0,0.0,0.0,0.0,7110
7133,"Nunam Iqua ANVSA, AK",2.0,0.0,0.0,0.0,0.0,0.0,0.0,0.0,0.0,0.0,0.0,0.0,2.0,0.0,0.0,0.0,0.0,7133
7130,"Nulato ANVSA, AK",6.0,2.0,0.0,0.0,0.0,0.0,0.0,0.0,0.0,0.0,2.0,0.0,0.0,2.0,0.0,0.0,0.0,7130
7115,"Northway ANVSA, AK",13.0,0.0,0.0,0.0,0.0,0.0,0.0,0.0,1.0,0.0,0.0,7.0,0.0,4.0,1.0,0.0,0.0,7115
6545,"Goodnews Bay ANVSA, AK",3.0,0.0,0.0,0.0,1.0,0.0,0.0,0.0,0.0,0.0,2.0,0.0,0.0,0.0,0.0,0.0,0.0,6545
6560,"Gulkana ANVSA, AK",11.0,0.0,0.0,0.0,0.0,4.0,0.0,3.0,0.0,0.0,0.0,0.0,2.0,0.0,0.0,0.0,2.0,6560
6500,"False Pass ANVSA, AK",17.0,0.0,0.0,0.0,0.0,0.0,0.0,0.0,0.0,3.0,3.0,0.0,3.0,4.0,0.0,4.0,0.0,6500
6540,"Golovin ANVSA, AK",1.0,0.0,0.0,0.0,0.0,0.0,0.0,0.0,0.0,0.0,0.0,0.0,1.0,0.0,0.0,0.0,0.0,6540
6590,"Hoonah ANVSA, AK",106.0,2.0,0.0,2.0,3.0,2.0,3.0,2.0,7.0,5.0,5.0,8.0,20.0,17.0,17.0,10.0,3.0,6590
6520,"Gakona ANVSA, AK",14.0,0.0,2.0,0.0,0.0,0.0,0.0,0.0,0.0,0.0,1.0,2.0,3.0,2.0,2.0,0.0,2.0,6520
6570,"Hamilton ANVSA, AK",0.0,0.0,0.0,0.0,0.0,0.0,0.0,0.0,0.0,0.0,0.0,0.0,0.0,0.0,0.0,0.0,0.0,6570
6515,"Fort Yukon ANVSA, AK",13.0,0.0,0.0,0.0,0.0,3.0,0.0,0.0,2.0,0.0,0.0,0.0,5.0,2.0,0.0,1.0,0.0,6515
6550,"Grayling ANVSA, AK",0.0,0.0,0.0,0.0,0.0,0.0,0.0,0.0,0.0,0.0,0.0,0.0,0.0,0.0,0.0,0.0,0.0,6550
6595,"Hooper Bay ANVSA, AK",19.0,0.0,0.0,0.0,0.0,0.0,0.0,4.0,0.0,0.0,0.0,7.0,0.0,0.0,0.0,8.0,0.0,6595
6585,"Holy Cross ANVSA, AK",2.0,0.0,0.0,0.0,1.0,0.0,0.0,0.0,0.0,0.0,0.0,0.0,0.0,0.0,0.0,1.0,0.0,6585
6535,"Georgetown ANVSA, AK",0.0,0.0,0.0,0.0,0.0,0.0,0.0,0.0,0.0,0.0,0.0,0.0,0.0,0.0,0.0,0.0,0.0,6535
6525,"Galena ANVSA, AK",45.0,0.0,0.0,0.0,0.0,0.0,1.0,0.0,0.0,1.0,2.0,7.0,7.0,9.0,8.0,9.0,1.0,6525
6530,"Gambell ANVSA, AK",3.0,0.0,0.0,0.0,0.0,0.0,0.0,0.0,1.0,0.0,0.0,0.0,0.0,0.0,0.0,0.0,2.0,6530
6575,"Healy Lake ANVSA, AK",0.0,0.0,0.0,0.0,0.0,0.0,0.0,0.0,0.0,0.0,0.0,0.0,0.0,0.0,0.0,0.0,0.0,6575
6265,"Chalkyitsik ANVSA, AK",1.0,0.0,0.0,0.0,0.0,0.0,0.0,0.0,0.0,0.0,0.0,0.0,1.0,0.0,0.0,0.0,0.0,6265
6295,"Chignik ANVSA, AK",5.0,0.0,0.0,0.0,0.0,0.0,0.0,1.0,2.0,0.0,2.0,0.0,0.0,0.0,0.0,0.0,0.0,6295
6240,"Brevig Mission ANVSA, AK",2.0,0.0,0.0,0.0,0.0,0.0,2.0,0.0,0.0,0.0,0.0,0.0,0.0,0.0,0.0,0.0,0.0,6240
6280,"Chenega ANVSA, AK",4.0,0.0,0.0,0.0,0.0,0.0,0.0,1.0,0.0,0.0,0.0,0.0,0.0,3.0,0.0,0.0,0.0,6280
6275,"Chefornak ANVSA, AK",5.0,1.0,0.0,0.0,0.0,4.0,0.0,0.0,0.0,0.0,0.0,0.0,0.0,0.0,0.0,0.0,0.0,6275
6290,"Chickaloon ANVSA, AK",6980.0,279.0,230.0,253.0,233.0,190.0,251.0,228.0,259.0,263.0,496.0,665.0,1063.0,848.0,589.0,647.0,486.0,6290
6235,"Birch Creek ANVSA, AK",0.0,0.0,0.0,0.0,0.0,0.0,0.0,0.0,0.0,0.0,0.0,0.0,0.0,0.0,0.0,0.0,0.0,6235
6225,"Bill Moore's ANVSA, AK",0.0,0.0,0.0,0.0,0.0,0.0,0.0,0.0,0.0,0.0,0.0,0.0,0.0,0.0,0.0,0.0,0.0,6225
6255,"Cantwell ANVSA, AK",68.0,2.0,1.0,3.0,5.0,2.0,6.0,2.0,6.0,4.0,2.0,5.0,15.0,4.0,5.0,4.0,2.0,6255
6285,"Chevak ANVSA, AK",19.0,0.0,0.0,0.0,0.0,0.0,0.0,0.0,7.0,0.0,0.0,0.0,0.0,12.0,0.0,0.0,0.0,6285
6205,"Bethel ANVSA, AK",629.0,0.0,0.0,10.0,10.0,0.0,11.0,0.0,0.0,20.0,22.0,64.0,108.0,106.0,45.0,159.0,74.0,6205
6250,"Buckland ANVSA, AK",11.0,0.0,0.0,0.0,0.0,0.0,2.0,0.0,0.0,0.0,0.0,1.0,1.0,7.0,0.0,0.0,0.0,6250
6620,"Igiugig ANVSA, AK",1.0,0.0,0.0,0.0,0.0,0.0,0.0,0.0,0.0,0.0,0.0,1.0,0.0,0.0,0.0,0.0,0.0,6620
6680,"Kaktovik ANVSA, AK",3.0,0.0,0.0,0.0,0.0,0.0,0.0,0.0,0.0,0.0,0.0,1.0,0.0,1.0,0.0,1.0,0.0,6680
6610,"Huslia ANVSA, AK",7.0,0.0,0.0,0.0,0.0,0.0,0.0,0.0,1.0,3.0,1.0,1.0,1.0,0.0,0.0,0.0,0.0,6610
6630,"Inalik ANVSA, AK",0.0,0.0,0.0,0.0,0.0,0.0,0.0,0.0,0.0,0.0,0.0,0.0,0.0,0.0,0.0,0.0,0.0,6630
6685,"Kalskag ANVSA, AK",6.0,0.0,0.0,0.0,1.0,0.0,0.0,1.0,0.0,0.0,4.0,0.0,0.0,0.0,0.0,0.0,0.0,6685
6625,"Iliamna ANVSA, AK",3.0,0.0,0.0,0.0,0.0,0.0,0.0,0.0,0.0,0.0,0.0,0.0,0.0,1.0,0.0,1.0,1.0,6625
6670,"Kake ANVSA, AK",50.0,2.0,0.0,2.0,5.0,2.0,0.0,3.0,0.0,3.0,11.0,6.0,8.0,6.0,0.0,2.0,0.0,6670
6605,"Hughes ANVSA, AK",0.0,0.0,0.0,0.0,0.0,0.0,0.0,0.0,0.0,0.0,0.0,0.0,0.0,0.0,0.0,0.0,0.0,6605
6690,"Kaltag ANVSA, AK",10.0,0.0,0.0,0.0,0.0,2.0,0.0,0.0,0.0,0.0,3.0,0.0,1.0,2.0,0.0,2.0,0.0,6690
7520,"Stevens Village ANVSA, AK",0.0,0.0,0.0,0.0,0.0,0.0,0.0,0.0,0.0,0.0,0.0,0.0,0.0,0.0,0.0,0.0,0.0,7520
7570,"Teller ANVSA, AK",0.0,0.0,0.0,0.0,0.0,0.0,0.0,0.0,0.0,0.0,0.0,0.0,0.0,0.0,0.0,0.0,0.0,7570
7500,"Solomon ANVSA, AK",0.0,0.0,0.0,0.0,0.0,0.0,0.0,0.0,0.0,0.0,0.0,0.0,0.0,0.0,0.0,0.0,0.0,7500
7510,"Stebbins ANVSA, AK",2.0,0.0,0.0,0.0,0.0,0.0,0.0,0.0,1.0,0.0,0.0,0.0,1.0,0.0,0.0,0.0,0.0,7510
7535,"Tanacross ANVSA, AK",0.0,0.0,0.0,0.0,0.0,0.0,0.0,0.0,0.0,0.0,0.0,0.0,0.0,0.0,0.0,0.0,0.0,7535
7540,"Tanana ANVSA, AK",21.0,2.0,0.0,0.0,0.0,2.0,1.0,3.0,0.0,4.0,5.0,1.0,3.0,0.0,0.0,0.0,0.0,7540
7555,"Tatitlek ANVSA, AK",2.0,0.0,0.0,0.0,0.0,0.0,0.0,0.0,0.0,0.0,0.0,0.0,0.0,0.0,0.0,2.0,0.0,7555
7565,"Telida ANVSA, AK",0.0,0.0,0.0,0.0,0.0,0.0,0.0,0.0,0.0,0.0,0.0,0.0,0.0,0.0,0.0,0.0,0.0,7565
7560,"Tazlina ANVSA, AK",46.0,2.0,0.0,0.0,2.0,0.0,4.0,0.0,5.0,0.0,0.0,13.0,0.0,6.0,5.0,6.0,3.0,7560
7530,"Takotna ANVSA, AK",6.0,0.0,0.0,3.0,0.0,0.0,0.0,0.0,0.0,0.0,0.0,0.0,0.0,2.0,1.0,0.0,0.0,7530
7525,"Stony River ANVSA, AK",0.0,0.0,0.0,0.0,0.0,0.0,0.0,0.0,0.0,0.0,0.0,0.0,0.0,0.0,0.0,0.0,0.0,7525
7505,"South Naknek ANVSA, AK",8.0,0.0,2.0,2.0,0.0,0.0,0.0,0.0,0.0,0.0,0.0,0.0,1.0,0.0,1.0,2.0,0.0,7505
7375,"St. Michael ANVSA, AK",2.0,0.0,0.0,0.0,0.0,0.0,0.0,0.0,0.0,0.0,0.0,1.0,1.0,0.0,0.0,0.0,0.0,7375
7315,"Russian Mission ANVSA, AK",11.0,0.0,0.0,0.0,0.0,0.0,4.0,0.0,0.0,0.0,0.0,0.0,2.0,5.0,0.0,0.0,0.0,7315
7300,"Rampart ANVSA, AK",0.0,0.0,0.0,0.0,0.0,0.0,0.0,0.0,0.0,0.0,0.0,0.0,0.0,0.0,0.0,0.0,0.0,7300
7340,"St. George ANVSA, AK",6.0,0.0,0.0,3.0,0.0,0.0,0.0,0.0,0.0,1.0,0.0,0.0,0.0,2.0,0.0,0.0,0.0,7340
7390,"St. Paul ANVSA, AK",28.0,0.0,3.0,0.0,0.0,0.0,2.0,1.0,1.0,0.0,2.0,1.0,7.0,4.0,0.0,0.0,7.0,7390
7310,"Ruby ANVSA, AK",1.0,0.0,0.0,1.0,0.0,0.0,0.0,0.0,0.0,0.0,0.0,0.0,0.0,0.0,0.0,0.0,0.0,7310
7305,"Red Devil ANVSA, AK",8.0,0.0,0.0,3.0,0.0,0.0,0.0,0.0,0.0,0.0,3.0,0.0,2.0,0.0,0.0,0.0,0.0,7305
7260,"Portage Creek ANVSA, AK",0.0,0.0,0.0,0.0,0.0,0.0,0.0,0.0,0.0,0.0,0.0,0.0,0.0,0.0,0.0,0.0,0.0,7260
7215,"Perryville ANVSA, AK",1.0,0.0,0.0,0.0,0.0,0.0,0.0,0.0,0.0,0.0,0.0,1.0,0.0,0.0,0.0,0.0,0.0,7215
7270,"Port Heiden ANVSA, AK",7.0,0.0,0.0,2.0,1.0,0.0,1.0,0.0,0.0,0.0,0.0,0.0,1.0,1.0,0.0,0.0,1.0,7270
7255,"Point Lay ANVSA, AK",3.0,0.0,0.0,0.0,0.0,0.0,0.0,0.0,0.0,0.0,0.0,0.0,3.0,0.0,0.0,0.0,0.0,7255
7265,"Port Graham ANVSA, AK",5.0,0.0,0.0,1.0,0.0,0.0,0.0,0.0,0.0,0.0,2.0,0.0,0.0,2.0,0.0,0.0,0.0,7265
7205,"Pedro Bay ANVSA, AK",2.0,0.0,0.0,0.0,0.0,0.0,0.0,0.0,0.0,0.0,0.0,0.0,2.0,0.0,0.0,0.0,0.0,7205
7230,"Pilot Station ANVSA, AK",3.0,0.0,0.0,0.0,0.0,0.0,0.0,0.0,0.0,0.0,0.0,0.0,0.0,0.0,0.0,3.0,0.0,7230
7275,"Port Lions ANVSA, AK",23.0,0.0,2.0,0.0,2.0,0.0,1.0,2.0,4.0,0.0,4.0,0.0,3.0,3.0,0.0,0.0,2.0,7275
7225,"Pilot Point ANVSA, AK",2.0,0.0,0.0,0.0,0.0,0.0,0.0,0.0,0.0,0.0,0.0,0.0,1.0,0.0,1.0,0.0,0.0,7225
7235,"Pitkas Point ANVSA, AK",0.0,0.0,0.0,0.0,0.0,0.0,0.0,0.0,0.0,0.0,0.0,0.0,0.0,0.0,0.0,0.0,0.0,7235
7245,"Platinum ANVSA, AK",0.0,0.0,0.0,0.0,0.0,0.0,0.0,0.0,0.0,0.0,0.0,0.0,0.0,0.0,0.0,0.0,0.0,7245
7250,"Point Hope ANVSA, AK",7.0,0.0,0.0,0.0,0.0,0.0,2.0,0.0,0.0,0.0,0.0,0.0,0.0,1.0,1.0,3.0,0.0,7250
7450,"Shaktoolik ANVSA, AK",1.0,0.0,0.0,0.0,0.0,0.0,1.0,0.0,0.0,0.0,0.0,0.0,0.0,0.0,0.0,0.0,0.0,7450
7415,"Savoonga ANVSA, AK",10.0,0.0,0.0,0.0,0.0,0.0,0.0,0.0,0.0,0.0,0.0,0.0,0.0,6.0,2.0,2.0,0.0,7415
7470,"Shungnak ANVSA, AK",2.0,0.0,0.0,0.0,0.0,0.0,0.0,0.0,0.0,0.0,0.0,0.0,0.0,0.0,2.0,0.0,0.0,7470
7400,"Salamatof ANVSA, AK",187.0,13.0,10.0,9.0,6.0,12.0,10.0,0.0,10.0,4.0,14.0,20.0,22.0,19.0,16.0,12.0,10.0,7400
7410,"Sand Point ANVSA, AK",79.0,2.0,0.0,3.0,3.0,0.0,2.0,1.0,0.0,5.0,2.0,14.0,9.0,22.0,5.0,0.0,11.0,7410
7465,"Shishmaref ANVSA, AK",10.0,0.0,0.0,0.0,0.0,0.0,0.0,1.0,1.0,0.0,3.0,0.0,0.0,0.0,5.0,0.0,0.0,7465
7495,"Sleetmute ANVSA, AK",3.0,0.0,0.0,0.0,0.0,0.0,0.0,0.0,0.0,0.0,0.0,2.0,1.0,0.0,0.0,0.0,0.0,7495
7430,"Selawik ANVSA, AK",9.0,0.0,0.0,0.0,0.0,0.0,2.0,0.0,0.0,3.0,0.0,0.0,0.0,0.0,4.0,0.0,0.0,7430
7425,"Scammon Bay ANVSA, AK",4.0,0.0,0.0,0.0,0.0,0.0,0.0,0.0,0.0,0.0,0.0,0.0,0.0,4.0,0.0,0.0,0.0,7425
7435,"Seldovia ANVSA, AK",159.0,5.0,4.0,15.0,7.0,8.0,10.0,4.0,13.0,6.0,16.0,17.0,21.0,12.0,10.0,7.0,4.0,7435
7420,"Saxman ANVSA, AK",16.0,0.0,0.0,3.0,0.0,2.0,0.0,0.0,2.0,0.0,0.0,0.0,6.0,1.0,0.0,1.0,1.0,7420
7440,"Shageluk ANVSA, AK",3.0,0.0,0.0,0.0,0.0,0.0,0.0,0.0,0.0,0.0,0.0,2.0,1.0,0.0,0.0,0.0,0.0,7440
8300,"Ione Band of Miwok TDSA, CA",5.0,0.0,0.0,0.0,0.0,0.0,5.0,0.0,0.0,0.0,0.0,0.0,0.0,0.0,0.0,0.0,0.0,8300
8100,"Cayuga Nation TDSA, NY",1114.0,67.0,35.0,38.0,50.0,39.0,45.0,57.0,53.0,45.0,93.0,176.0,136.0,98.0,88.0,49.0,45.0,8100
9550,"Cher-O-Creek SDTSA, AL",22054.0,1377.0,1105.0,1374.0,1209.0,1131.0,1227.0,1244.0,1300.0,974.0,1839.0,2251.0,2770.0,1682.0,896.0,775.0,900.0,9550
6420,"Douglas ANVSA, AK",2007.0,40.0,29.0,24.0,51.0,15.0,55.0,55.0,42.0,34.0,102.0,230.0,368.0,266.0,244.0,245.0,207.0,6420
6470,"Elim ANVSA, AK",2.0,0.0,0.0,0.0,0.0,0.0,0.0,0.0,0.0,0.0,0.0,1.0,0.0,0.0,1.0,0.0,0.0,6470
6740,"King Salmon ANVSA, AK",23.0,2.0,2.0,0.0,0.0,0.0,1.0,0.0,0.0,0.0,2.0,1.0,7.0,1.0,3.0,1.0,3.0,6740
6725,"Ketchikan ANVSA, AK",3682.0,124.0,104.0,100.0,132.0,113.0,150.0,84.0,177.0,128.0,386.0,361.0,530.0,401.0,251.0,342.0,299.0,6725
6795,"Kodiak ANVSA, AK",0.0,0.0,0.0,0.0,0.0,0.0,0.0,0.0,0.0,0.0,0.0,0.0,0.0,0.0,0.0,0.0,0.0,6795
6360,"Clarks Point ANVSA, AK",0.0,0.0,0.0,0.0,0.0,0.0,0.0,0.0,0.0,0.0,0.0,0.0,0.0,0.0,0.0,0.0,0.0,6360
6850,"Lake Minchumina ANVSA, AK",13.0,0.0,0.0,5.0,3.0,0.0,0.0,0.0,0.0,0.0,2.0,0.0,3.0,0.0,0.0,0.0,0.0,6850
6860,"Lesnoi ANVSA, AK",0.0,0.0,0.0,0.0,0.0,0.0,0.0,0.0,0.0,0.0,0.0,0.0,0.0,0.0,0.0,0.0,0.0,6860
7095,"Nome ANVSA, AK",510.0,24.0,4.0,0.0,8.0,16.0,0.0,14.0,11.0,3.0,30.0,41.0,135.0,60.0,42.0,67.0,55.0,7095
6257,"Canyon Village ANVSA, AK",0.0,0.0,0.0,0.0,0.0,0.0,0.0,0.0,0.0,0.0,0.0,0.0,0.0,0.0,0.0,0.0,0.0,6257
7580,"Tetlin ANVSA, AK",4.0,0.0,0.0,0.0,0.0,0.0,0.0,0.0,0.0,0.0,0.0,0.0,2.0,0.0,2.0,0.0,0.0,7580
7263,"Port Alsworth ANVSA, AK",32.0,1.0,0.0,0.0,0.0,0.0,0.0,0.0,1.0,0.0,3.0,3.0,11.0,6.0,1.0,2.0,4.0,7263
7220,"Petersburg ANVSA, AK",812.0,32.0,29.0,62.0,22.0,41.0,21.0,30.0,18.0,38.0,74.0,83.0,101.0,96.0,38.0,80.0,47.0,7220
7485,"Skagway ANVSA, AK",347.0,3.0,6.0,10.0,19.0,8.0,6.0,5.0,15.0,19.0,34.0,43.0,58.0,54.0,36.0,19.0,12.0,7485
7475,"Sitka ANVSA, AK",1214.0,44.0,54.0,46.0,49.0,69.0,32.0,50.0,66.0,37.0,110.0,105.0,206.0,104.0,82.0,82.0,78.0,7475
9230,"Mattaponi Reservation (state), VA",4.0,0.0,0.0,0.0,0.0,0.0,0.0,0.0,2.0,0.0,0.0,0.0,0.0,2.0,0.0,0.0,0.0,9230
9240,"MOWA Choctaw Reservation (state), AL",5.0,4.0,0.0,1.0,0.0,0.0,0.0,0.0,0.0,0.0,0.0,0.0,0.0,0.0,0.0,0.0,0.0,9240
9260,"Pamunkey Reservation (state), VA",4.0,0.0,0.0,0.0,1.0,0.0,1.0,0.0,0.0,0.0,0.0,0.0,2.0,0.0,0.0,0.0,0.0,9260
9280,"Paucatuck Eastern Pequot Reservation (state), CT",2.0,0.0,0.0,0.0,0.0,0.0,1.0,0.0,0.0,0.0,0.0,0.0,0.0,0.0,0.0,0.0,1.0,9280
9400,"Tama Reservation (state), GA",0.0,0.0,0.0,0.0,0.0,0.0,0.0,0.0,0.0,0.0,0.0,0.0,0.0,0.0,0.0,0.0,0.0,9400
9510,"Adais Caddo (state) SDTSA, LA",616.0,71.0,21.0,48.0,59.0,55.0,31.0,29.0,33.0,27.0,50.0,76.0,50.0,27.0,18.0,14.0,7.0,9510
9515,"Apache Choctaw (state) SDTSA, LA",1395.0,192.0,121.0,103.0,123.0,75.0,58.0,76.0,87.0,72.0,87.0,128.0,130.0,39.0,39.0,37.0,28.0,9515
9560,"Cherokee Tribe of Northeast Alabama (state) SDTSA, AL",4465.0,402.0,327.0,329.0,291.0,295.0,239.0,246.0,250.0,178.0,312.0,428.0,462.0,342.0,147.0,114.0,103.0,9560
9580,"Chickahominy (state) SDTSA, VA",639.0,27.0,29.0,23.0,38.0,31.0,26.0,37.0,30.0,21.0,50.0,84.0,110.0,59.0,38.0,27.0,9.0,9580
9525,"Beaver Creek SDTSA, SC",138.0,16.0,8.0,12.0,11.0,14.0,15.0,1.0,17.0,1.0,5.0,9.0,16.0,5.0,5.0,2.0,1.0,9525
7630,"Tuluksak ANVSA, AK",4.0,0.0,0.0,0.0,0.0,0.0,0.0,0.0,0.0,0.0,0.0,0.0,2.0,2.0,0.0,0.0,0.0,7630
7690,"Unalakleet ANVSA, AK",21.0,0.0,0.0,0.0,0.0,0.0,0.0,2.0,1.0,2.0,1.0,1.0,4.0,0.0,2.0,3.0,5.0,7690
7640,"Tuntutuliak ANVSA, AK",3.0,0.0,0.0,0.0,0.0,0.0,0.0,0.0,0.0,0.0,0.0,3.0,0.0,0.0,0.0,0.0,0.0,7640
7625,"Toksook Bay ANVSA, AK",11.0,0.0,0.0,0.0,0.0,0.0,0.0,0.0,0.0,0.0,0.0,2.0,0.0,5.0,2.0,2.0,0.0,7625
7645,"Tununak ANVSA, AK",4.0,0.0,0.0,0.0,1.0,0.0,0.0,0.0,0.0,0.0,2.0,0.0,0.0,1.0,0.0,0.0,0.0,7645
7605,"Togiak ANVSA, AK",15.0,2.0,0.0,2.0,0.0,2.0,0.0,0.0,0.0,0.0,0.0,0.0,0.0,5.0,4.0,0.0,0.0,7605
7655,"Tyonek ANVSA, AK",5.0,0.0,0.0,2.0,0.0,0.0,0.0,0.0,0.0,0.0,0.0,0.0,0.0,3.0,0.0,0.0,0.0,7655
7695,"Unalaska ANVSA, AK",430.0,0.0,9.0,11.0,6.0,8.0,4.0,5.0,7.0,7.0,19.0,33.0,67.0,63.0,38.0,74.0,79.0,7695
7650,"Twin Hills ANVSA, AK",0.0,0.0,0.0,0.0,0.0,0.0,0.0,0.0,0.0,0.0,0.0,0.0,0.0,0.0,0.0,0.0,0.0,7650
7665,"Ugashik ANVSA, AK",0.0,0.0,0.0,0.0,0.0,0.0,0.0,0.0,0.0,0.0,0.0,0.0,0.0,0.0,0.0,0.0,0.0,7665
7740,"Wales ANVSA, AK",1.0,0.0,0.0,0.0,0.0,0.0,0.0,0.0,0.0,0.0,0.0,1.0,0.0,0.0,0.0,0.0,0.0,7740
7765,"Yakutat ANVSA, AK",124.0,5.0,2.0,5.0,4.0,3.0,3.0,6.0,5.0,1.0,7.0,15.0,40.0,19.0,3.0,6.0,0.0,7765
7745,"White Mountain ANVSA, AK",11.0,1.0,0.0,0.0,0.0,1.0,0.0,0.0,0.0,0.0,3.0,0.0,1.0,3.0,1.0,1.0,0.0,7745
7735,"Wainwright ANVSA, AK",2.0,0.0,0.0,0.0,0.0,0.0,0.0,0.0,0.0,0.0,0.0,0.0,0.0,2.0,0.0,0.0,0.0,7735
8450,"Mechoopda TDSA, CA",777.0,57.0,32.0,64.0,23.0,41.0,31.0,51.0,66.0,36.0,55.0,77.0,124.0,40.0,30.0,26.0,24.0,8450
8750,"Samish TDSA, WA",16127.0,757.0,605.0,716.0,744.0,692.0,713.0,650.0,761.0,672.0,1222.0,1681.0,2214.0,1545.0,945.0,1015.0,1195.0,8750
6195,"Belkofski ANVSA, AK",0.0,0.0,0.0,0.0,0.0,0.0,0.0,0.0,0.0,0.0,0.0,0.0,0.0,0.0,0.0,0.0,0.0,6195
6150,"Atka ANVSA, AK",1.0,0.0,0.0,0.0,1.0,0.0,0.0,0.0,0.0,0.0,0.0,0.0,0.0,0.0,0.0,0.0,0.0,6150
6160,"Atmautluak ANVSA, AK",0.0,0.0,0.0,0.0,0.0,0.0,0.0,0.0,0.0,0.0,0.0,0.0,0.0,0.0,0.0,0.0,0.0,6160
6165,"Atqasuk ANVSA, AK",2.0,0.0,0.0,0.0,0.0,0.0,0.0,0.0,0.0,0.0,1.0,1.0,0.0,0.0,0.0,0.0,0.0,6165
6140,"Arctic Village ANVSA, AK",3.0,0.0,0.0,0.0,0.0,0.0,0.0,0.0,0.0,0.0,0.0,3.0,0.0,0.0,0.0,0.0,0.0,6140
6190,"Beaver ANVSA, AK",0.0,0.0,0.0,0.0,0.0,0.0,0.0,0.0,0.0,0.0,0.0,0.0,0.0,0.0,0.0,0.0,0.0,6190
6175,"Barrow ANVSA, AK",287.0,0.0,0.0,0.0,0.0,10.0,7.0,5.0,6.0,0.0,6.0,13.0,46.0,67.0,38.0,42.0,47.0,6175
6105,"Aniak ANVSA, AK",41.0,0.0,0.0,0.0,0.0,0.0,4.0,4.0,0.0,0.0,2.0,4.0,7.0,12.0,7.0,1.0,0.0,6105
6100,"Angoon ANVSA, AK",12.0,0.0,2.0,0.0,0.0,0.0,0.0,0.0,0.0,0.0,0.0,5.0,2.0,0.0,0.0,3.0,0.0,6100
6125,"Anvik ANVSA, AK",0.0,0.0,0.0,0.0,0.0,0.0,0.0,0.0,0.0,0.0,0.0,0.0,0.0,0.0,0.0,0.0,0.0,6125
5730,"Miami OTSA, OK",62.0,3.0,2.0,3.0,3.0,2.0,2.0,4.0,2.0,4.0,5.0,7.0,7.0,3.0,6.0,4.0,5.0,5730
5780,"Pawnee OTSA, OK",4952.0,322.0,324.0,231.0,385.0,308.0,310.0,211.0,232.0,250.0,404.0,679.0,641.0,299.0,155.0,131.0,70.0,5780
5720,"Kiowa-Comanche-Apache-Fort Sill Apache OTSA, OK",48110.0,3128.0,2553.0,2416.0,2895.0,2510.0,2456.0,2971.0,2460.0,2286.0,3864.0,5549.0,6633.0,3602.0,1754.0,1819.0,1214.0,5720
5760,"Otoe-Missouria OTSA, OK",176.0,13.0,5.0,4.0,8.0,4.0,3.0,6.0,4.0,43.0,12.0,14.0,29.0,13.0,13.0,0.0,5.0,5760
5770,"Ottawa OTSA, OK",1567.0,197.0,141.0,170.0,96.0,99.0,86.0,71.0,86.0,69.0,137.0,112.0,158.0,77.0,19.0,30.0,19.0,5770
5700,"Kickapoo OTSA, OK",6002.0,425.0,354.0,465.0,444.0,376.0,369.0,292.0,259.0,289.0,555.0,659.0,641.0,387.0,203.0,166.0,118.0,5700
5740,"Modoc OTSA, OK",55.0,2.0,2.0,8.0,3.0,3.0,4.0,4.0,8.0,2.0,3.0,4.0,3.0,6.0,0.0,2.0,1.0,5740
5795,"Peoria OTSA, OK",1484.0,108.0,101.0,91.0,71.0,111.0,93.0,84.0,101.0,75.0,92.0,132.0,200.0,86.0,53.0,46.0,40.0,5795
5955,"Kiowa-Comanche-Apache-Ft Sill Apache/Caddo-Wichita-Delaware joint-use OTSA, OK",2121.0,204.0,175.0,198.0,122.0,178.0,187.0,84.0,63.0,77.0,142.0,175.0,174.0,167.0,62.0,29.0,84.0,5955
9150,"Hassanamisco Reservation (state), MA",0.0,0.0,0.0,0.0,0.0,0.0,0.0,0.0,0.0,0.0,0.0,0.0,0.0,0.0,0.0,0.0,0.0,9150
9100,"Golden Hill Paugussett (state) Reservation, CT",2.0,2.0,0.0,0.0,0.0,0.0,0.0,0.0,0.0,0.0,0.0,0.0,0.0,0.0,0.0,0.0,0.0,9100
9300,"Poospatuck Reservation (state), NY",14.0,0.0,0.0,5.0,0.0,0.0,0.0,0.0,0.0,0.0,2.0,0.0,0.0,0.0,5.0,2.0,0.0,9300
9350,"Schaghticoke Reservation (state), CT",0.0,0.0,0.0,0.0,0.0,0.0,0.0,0.0,0.0,0.0,0.0,0.0,0.0,0.0,0.0,0.0,0.0,9350
9370,"Shinnecock Reservation (state), NY",0.0,0.0,0.0,0.0,0.0,0.0,0.0,0.0,0.0,0.0,0.0,0.0,0.0,0.0,0.0,0.0,0.0,9370
7725,"Venetie ANVSA, AK",0.0,0.0,0.0,0.0,0.0,0.0,0.0,0.0,0.0,0.0,0.0,0.0,0.0,0.0,0.0,0.0,0.0,7725
7755,"Wrangell ANVSA, AK",389.0,10.0,21.0,35.0,19.0,22.0,6.0,20.0,18.0,12.0,35.0,48.0,67.0,28.0,27.0,12.0,9.0,7755
5915,"Creek/Seminole joint-use OTSA, OK",506.0,35.0,45.0,43.0,34.0,33.0,25.0,25.0,38.0,23.0,60.0,39.0,47.0,19.0,19.0,8.0,13.0,5915
5950,"Kaw/Ponca joint-use OTSA, OK",8399.0,435.0,635.0,590.0,510.0,583.0,417.0,490.0,520.0,361.0,743.0,799.0,861.0,706.0,252.0,245.0,252.0,5950
5970,"Miami/Peoria joint-use OTSA, OK",1297.0,120.0,151.0,158.0,69.0,138.0,77.0,111.0,88.0,73.0,94.0,91.0,71.0,31.0,10.0,12.0,3.0,5970
5890,"Wyandotte OTSA, OK",465.0,27.0,32.0,50.0,38.0,29.0,31.0,17.0,33.0,20.0,53.0,39.0,58.0,19.0,7.0,7.0,5.0,5890
5860,"Tonkawa OTSA, OK",1276.0,77.0,111.0,61.0,83.0,88.0,53.0,68.0,69.0,39.0,101.0,161.0,158.0,88.0,63.0,20.0,36.0,5860
5830,"Seminole OTSA, OK",6151.0,569.0,430.0,490.0,525.0,445.0,322.0,369.0,260.0,268.0,520.0,609.0,586.0,394.0,151.0,90.0,123.0,5830
5800,"Ponca OTSA, OK",441.0,23.0,21.0,28.0,31.0,27.0,20.0,24.0,21.0,15.0,41.0,62.0,64.0,24.0,14.0,12.0,14.0,5800
5835,"Seneca-Cayuga OTSA, OK",1453.0,105.0,118.0,108.0,132.0,132.0,95.0,78.0,86.0,33.0,114.0,135.0,121.0,90.0,51.0,29.0,26.0,5835
5820,"Sac and Fox OTSA, OK",18176.0,1420.0,1284.0,1115.0,979.0,1095.0,1190.0,898.0,1000.0,892.0,1708.0,1859.0,2109.0,1130.0,477.0,498.0,522.0,5820
5810,"Quapaw OTSA, OK",1300.0,127.0,132.0,130.0,112.0,80.0,89.0,63.0,66.0,77.0,114.0,104.0,110.0,55.0,10.0,10.0,21.0,5810
6040,"Alatna ANVSA, AK",0.0,0.0,0.0,0.0,0.0,0.0,0.0,0.0,0.0,0.0,0.0,0.0,0.0,0.0,0.0,0.0,0.0,6040
6020,"Akiachak ANVSA, AK",4.0,0.0,0.0,0.0,0.0,0.0,3.0,0.0,0.0,0.0,0.0,0.0,0.0,0.0,1.0,0.0,0.0,6020
6080,"Anaktuvuk Pass ANVSA, AK",3.0,0.0,0.0,0.0,0.0,0.0,0.0,1.0,0.0,0.0,0.0,0.0,1.0,1.0,0.0,0.0,0.0,6080
6075,"Ambler ANVSA, AK",10.0,0.0,0.0,0.0,0.0,0.0,1.0,0.0,4.0,0.0,2.0,0.0,3.0,0.0,0.0,0.0,0.0,6075
6030,"Akutan ANVSA, AK",3.0,0.0,0.0,0.0,1.0,2.0,0.0,0.0,0.0,0.0,0.0,0.0,0.0,0.0,0.0,0.0,0.0,6030
6015,"Akhiok ANVSA, AK",4.0,0.0,0.0,0.0,4.0,0.0,0.0,0.0,0.0,0.0,0.0,0.0,0.0,0.0,0.0,0.0,0.0,6015
6025,"Akiak ANVSA, AK",1.0,0.0,0.0,0.0,0.0,0.0,0.0,0.0,0.0,0.0,0.0,0.0,0.0,0.0,0.0,1.0,0.0,6025
6070,"Allakaket ANVSA, AK",8.0,0.0,0.0,0.0,1.0,2.0,0.0,0.0,0.0,1.0,0.0,1.0,2.0,1.0,0.0,0.0,0.0,6070
6095,"Andreafsky ANVSA, AK",0.0,0.0,0.0,0.0,0.0,0.0,0.0,0.0,0.0,0.0,0.0,0.0,0.0,0.0,0.0,0.0,0.0,6095
6035,"Alakanuk ANVSA, AK",7.0,0.0,0.0,0.0,0.0,0.0,2.0,0.0,0.0,0.0,0.0,0.0,0.0,0.0,5.0,0.0,0.0,6035
6045,"Aleknagik ANVSA, AK",7.0,0.0,0.0,0.0,0.0,0.0,1.0,0.0,0.0,0.0,0.0,0.0,0.0,0.0,1.0,3.0,2.0,6045
6065,"Algaaciq ANVSA, AK",6.0,0.0,0.0,0.0,0.0,3.0,0.0,0.0,0.0,3.0,0.0,0.0,0.0,0.0,0.0,0.0,0.0,6065
