B23025_001E,B23025_002E,B23025_003E,B23025_004E,B23025_005E,B23025_006E,B23025_007E,name,congressional district,state
558691.0,314807.0,313909.0,289876.0,24033.0,898.0,243884.0,"Congressional District 1 (115th Congress), Alabama",01,01
543063.0,313296.0,307145.0,283196.0,23949.0,6151.0,229767.0,"Congressional District 2 (115th Congress), Alabama",02,01
565611.0,322732.0,319941.0,295620.0,24321.0,2791.0,242879.0,"Congressional District 3 (115th Congress), Alabama",03,01
545019.0,293716.0,293466.0,273369.0,20097.0,250.0,251303.0,"Congressional District 4 (115th Congress), Alabama",04,01
569679.0,343254.0,341990.0,319268.0,22722.0,1264.0,226425.0,"Congressional District 5 (115th Congress), Alabama",05,01
552926.0,346094.0,345532.0,327902.0,17630.0,562.0,206832.0,"Congressional District 6 (115th Congress), Alabama",06,01
541147.0,299310.0,298917.0,266278.0,32639.0,393.0,241837.0,"Congressional District 7 (115th Congress), Alabama",07,01
571453.0,400622.0,383593.0,354045.0,29548.0,17029.0,170831.0,"Congressional District (at Large) (115th Congress), Alaska",00,02
581448.0,305648.0,305188.0,274785.0,30403.0,460.0,275800.0,"Congressional District 1 (115th Congress), Arizona",01,04
586543.0,337418.0,329274.0,304768.0,24506.0,8144.0,249125.0,"Congressional District 2 (115th Congress), Arizona",02,04
569373.0,347885.0,346002.0,312715.0,33287.0,1883.0,221488.0,"Congressional District 3 (115th Congress), Arizona",03,04
618924.0,291247.0,288383.0,265467.0,22916.0,2864.0,327677.0,"Congressional District 4 (115th Congress), Arizona",04,04
599603.0,379229.0,378837.0,360110.0,18727.0,392.0,220374.0,"Congressional District 5 (115th Congress), Arizona",05,04
622860.0,400032.0,399735.0,377504.0,22231.0,297.0,222828.0,"Congressional District 6 (115th Congress), Arizona",06,04
565460.0,353672.0,353237.0,323741.0,29496.0,435.0,211788.0,"Congressional District 7 (115th Congress), Arizona",07,04
609818.0,350574.0,348231.0,328735.0,19496.0,2343.0,259244.0,"Congressional District 8 (115th Congress), Arizona",08,04
591154.0,387317.0,387227.0,354727.0,32500.0,90.0,203837.0,"Congressional District 34 (115th Congress), California",34,06
574615.0,313231.0,312155.0,289217.0,22938.0,1076.0,261384.0,"Congressional District 1 (115th Congress), Arkansas",01,05
598564.0,369167.0,366356.0,345856.0,20500.0,2811.0,229397.0,"Congressional District 2 (115th Congress), Arkansas",02,05
607591.0,373750.0,373368.0,355535.0,17833.0,382.0,233841.0,"Congressional District 3 (115th Congress), Arkansas",03,05
570291.0,309954.0,309785.0,285928.0,23857.0,169.0,260337.0,"Congressional District 4 (115th Congress), Arkansas",04,05
576646.0,362930.0,362661.0,334058.0,28603.0,269.0,213716.0,"Congressional District 32 (115th Congress), California",32,06
597985.0,391924.0,391400.0,368343.0,23057.0,524.0,206061.0,"Congressional District 33 (115th Congress), California",33,06
617312.0,431411.0,430915.0,406066.0,24849.0,496.0,185901.0,"Congressional District 9 (115th Congress), Arizona",09,04
561661.0,354341.0,354126.0,320798.0,33328.0,215.0,207320.0,"Congressional District 35 (115th Congress), California",35,06
586527.0,315200.0,314809.0,281366.0,33443.0,391.0,271327.0,"Congressional District 36 (115th Congress), California",36,06
596895.0,392496.0,392409.0,360786.0,31623.0,87.0,204399.0,"Congressional District 37 (115th Congress), California",37,06
574283.0,350997.0,350778.0,328109.0,22669.0,219.0,223286.0,"Congressional District 38 (115th Congress), California",38,06
587516.0,377496.0,377217.0,353508.0,23709.0,279.0,210020.0,"Congressional District 39 (115th Congress), California",39,06
530328.0,337296.0,337156.0,306801.0,30355.0,140.0,193032.0,"Congressional District 40 (115th Congress), California",40,06
567524.0,359596.0,359189.0,320888.0,38301.0,407.0,207928.0,"Congressional District 41 (115th Congress), California",41,06
592022.0,370624.0,368097.0,335791.0,32306.0,2527.0,221398.0,"Congressional District 42 (115th Congress), California",42,06
570632.0,371380.0,371283.0,338130.0,33153.0,97.0,199252.0,"Congressional District 43 (115th Congress), California",43,06
544465.0,340796.0,340412.0,304515.0,35897.0,384.0,203669.0,"Congressional District 44 (115th Congress), California",44,06
616498.0,404864.0,404700.0,383274.0,21426.0,164.0,211634.0,"Congressional District 45 (115th Congress), California",45,06
561327.0,376345.0,376125.0,351566.0,24559.0,220.0,184982.0,"Congressional District 46 (115th Congress), California",46,06
575868.0,371481.0,371063.0,346260.0,24803.0,418.0,204387.0,"Congressional District 47 (115th Congress), California",47,06
599725.0,393031.0,392570.0,371477.0,21093.0,461.0,206694.0,"Congressional District 48 (115th Congress), California",48,06
585947.0,384053.0,358058.0,338424.0,19634.0,25995.0,201894.0,"Congressional District 49 (115th Congress), California",49,06
585748.0,372680.0,368448.0,343222.0,25226.0,4232.0,213068.0,"Congressional District 50 (115th Congress), California",50,06
561047.0,337452.0,323052.0,283853.0,39199.0,14400.0,223595.0,"Congressional District 51 (115th Congress), California",51,06
621708.0,419965.0,399613.0,377314.0,22299.0,20352.0,201743.0,"Congressional District 52 (115th Congress), California",52,06
620114.0,417650.0,408025.0,378259.0,29766.0,9625.0,202464.0,"Congressional District 53 (115th Congress), California",53,06
592572.0,338534.0,337206.0,313838.0,23368.0,1328.0,254038.0,"Congressional District 4 (115th Congress), California",04,06
580992.0,306297.0,305896.0,280980.0,24916.0,401.0,274695.0,"Congressional District 1 (115th Congress), California",01,06
589690.0,361860.0,360893.0,337352.0,23541.0,967.0,227830.0,"Congressional District 2 (115th Congress), California",02,06
576813.0,343428.0,336968.0,309141.0,27827.0,6460.0,233385.0,"Congressional District 3 (115th Congress), California",03,06
593662.0,382102.0,381597.0,355537.0,26060.0,505.0,211560.0,"Congressional District 5 (115th Congress), California",05,06
578463.0,362542.0,361942.0,327174.0,34768.0,600.0,215921.0,"Congressional District 6 (115th Congress), California",06,06
599832.0,384225.0,383707.0,356064.0,27643.0,518.0,215607.0,"Congressional District 11 (115th Congress), California",11,06
542696.0,306135.0,295684.0,262452.0,33232.0,10451.0,236561.0,"Congressional District 8 (115th Congress), California",08,06
568832.0,345087.0,344642.0,310514.0,34128.0,445.0,223745.0,"Congressional District 9 (115th Congress), California",09,06
559459.0,346972.0,346712.0,309613.0,37099.0,260.0,212487.0,"Congressional District 10 (115th Congress), California",10,06
662958.0,470825.0,470481.0,446256.0,24225.0,344.0,192133.0,"Congressional District 12 (115th Congress), California",12,06
622884.0,414895.0,413739.0,384302.0,29437.0,1156.0,207989.0,"Congressional District 13 (115th Congress), California",13,06
616410.0,422759.0,422427.0,400010.0,22417.0,332.0,193651.0,"Congressional District 14 (115th Congress), California",14,06
601847.0,403204.0,402877.0,382497.0,20380.0,327.0,198643.0,"Congressional District 15 (115th Congress), California",15,06
527975.0,304283.0,304065.0,265276.0,38789.0,218.0,223692.0,"Congressional District 16 (115th Congress), California",16,06
614297.0,412430.0,412271.0,390663.0,21608.0,159.0,201867.0,"Congressional District 17 (115th Congress), California",17,06
589661.0,391139.0,390792.0,372695.0,18097.0,347.0,198522.0,"Congressional District 18 (115th Congress), California",18,06
600197.0,408339.0,408210.0,381300.0,26910.0,129.0,191858.0,"Congressional District 19 (115th Congress), California",19,06
573377.0,356750.0,350778.0,327686.0,23092.0,5972.0,216627.0,"Congressional District 20 (115th Congress), California",20,06
513481.0,293326.0,289067.0,253927.0,35140.0,4259.0,220155.0,"Congressional District 21 (115th Congress), California",21,06
557812.0,346477.0,345730.0,315465.0,30265.0,747.0,211335.0,"Congressional District 22 (115th Congress), California",22,06
558933.0,321899.0,320217.0,290156.0,30061.0,1682.0,237034.0,"Congressional District 23 (115th Congress), California",23,06
597603.0,371478.0,367901.0,346159.0,21742.0,3577.0,226125.0,"Congressional District 24 (115th Congress), California",24,06
551778.0,343599.0,343236.0,316866.0,26370.0,363.0,208179.0,"Congressional District 25 (115th Congress), California",25,06
569438.0,374580.0,371490.0,346260.0,25230.0,3090.0,194858.0,"Congressional District 26 (115th Congress), California",26,06
598083.0,369595.0,369415.0,348222.0,21193.0,180.0,228488.0,"Congressional District 27 (115th Congress), California",27,06
618594.0,423753.0,423484.0,390812.0,32672.0,269.0,194841.0,"Congressional District 28 (115th Congress), California",28,06
568806.0,379465.0,379301.0,347338.0,31963.0,164.0,189341.0,"Congressional District 29 (115th Congress), California",29,06
627142.0,422790.0,422626.0,393402.0,29224.0,164.0,204352.0,"Congressional District 30 (115th Congress), California",30,06
564697.0,348180.0,347889.0,314762.0,33127.0,291.0,216517.0,"Congressional District 31 (115th Congress), California",31,06
585454.0,365915.0,365400.0,335727.0,29673.0,515.0,219539.0,"Congressional District 7 (115th Congress), California",07,06
609157.0,435113.0,433181.0,412167.0,21014.0,1932.0,174044.0,"Congressional District 6 (115th Congress), Colorado",06,08
612836.0,428701.0,428374.0,408011.0,20363.0,327.0,184135.0,"Congressional District 7 (115th Congress), Colorado",07,08
592805.0,393559.0,393117.0,364173.0,28944.0,442.0,199246.0,"Congressional District 3 (115th Congress), Connecticut",03,09
652499.0,463843.0,463414.0,442144.0,21270.0,429.0,188656.0,"Congressional District 1 (115th Congress), Colorado",01,08
646810.0,447346.0,446927.0,426528.0,20399.0,419.0,199464.0,"Congressional District 2 (115th Congress), Colorado",02,08
601355.0,406172.0,405467.0,385194.0,20273.0,705.0,195183.0,"Congressional District 4 (115th Congress), Colorado",04,08
589166.0,368659.0,368295.0,343130.0,25165.0,364.0,220507.0,"Congressional District 3 (115th Congress), Colorado",03,08
608390.0,396520.0,367274.0,342902.0,24372.0,29246.0,211870.0,"Congressional District 5 (115th Congress), Colorado",05,08
582413.0,388408.0,388114.0,358645.0,29469.0,294.0,194005.0,"Congressional District 1 (115th Congress), Connecticut",01,09
587123.0,392320.0,384965.0,360184.0,24781.0,7355.0,194803.0,"Congressional District 2 (115th Congress), Connecticut",02,09
584317.0,396021.0,395849.0,364677.0,31172.0,172.0,188296.0,"Congressional District 4 (115th Congress), Connecticut",04,09
581433.0,384056.0,383753.0,357407.0,26346.0,303.0,197377.0,"Congressional District 5 (115th Congress), Connecticut",05,09
564615.0,392421.0,388980.0,357701.0,31279.0,3441.0,172194.0,"Delegate District (at Large) (115th Congress), District of Columbia",98,11
616800.0,397868.0,397068.0,371737.0,25331.0,800.0,218932.0,"Congressional District 7 (115th Congress), Florida",07,12
762704.0,474774.0,471758.0,441513.0,30245.0,3016.0,287930.0,"Congressional District (at Large) (115th Congress), Delaware",00,10
604709.0,367523.0,345679.0,322639.0,23040.0,21844.0,237186.0,"Congressional District 1 (115th Congress), Florida",01,12
586843.0,312168.0,308987.0,285606.0,23381.0,3181.0,274675.0,"Congressional District 2 (115th Congress), Florida",02,12
588876.0,332719.0,330494.0,304270.0,26224.0,2225.0,256157.0,"Congressional District 3 (115th Congress), Florida",03,12
621358.0,406209.0,395645.0,374640.0,21005.0,10564.0,215149.0,"Congressional District 4 (115th Congress), Florida",04,12
573159.0,346690.0,344469.0,309449.0,35020.0,2221.0,226469.0,"Congressional District 5 (115th Congress), Florida",05,12
623702.0,322234.0,321921.0,300435.0,21486.0,313.0,301468.0,"Congressional District 6 (115th Congress), Florida",06,12
612382.0,328533.0,327234.0,301839.0,25395.0,1299.0,283849.0,"Congressional District 8 (115th Congress), Florida",08,12
637386.0,379763.0,379563.0,353191.0,26372.0,200.0,257623.0,"Congressional District 9 (115th Congress), Florida",09,12
618571.0,422542.0,422210.0,392241.0,29969.0,332.0,196029.0,"Congressional District 10 (115th Congress), Florida",10,12
635737.0,261372.0,261248.0,239238.0,22010.0,124.0,374365.0,"Congressional District 11 (115th Congress), Florida",11,12
618494.0,337015.0,336408.0,314189.0,22219.0,607.0,281479.0,"Congressional District 12 (115th Congress), Florida",12,12
608679.0,357693.0,356668.0,333270.0,23398.0,1025.0,250986.0,"Congressional District 13 (115th Congress), Florida",13,12
606520.0,403440.0,400767.0,372120.0,28647.0,2673.0,203080.0,"Congressional District 14 (115th Congress), Florida",14,12
604145.0,372712.0,371421.0,345515.0,25906.0,1291.0,231433.0,"Congressional District 15 (115th Congress), Florida",15,12
645041.0,352604.0,351102.0,330228.0,20874.0,1502.0,292437.0,"Congressional District 16 (115th Congress), Florida",16,12
630861.0,288258.0,288032.0,264514.0,23518.0,226.0,342603.0,"Congressional District 17 (115th Congress), Florida",17,12
621834.0,352143.0,351730.0,330209.0,21521.0,413.0,269691.0,"Congressional District 18 (115th Congress), Florida",18,12
658533.0,338574.0,338346.0,316549.0,21797.0,228.0,319959.0,"Congressional District 19 (115th Congress), Florida",19,12
600110.0,389311.0,389160.0,350849.0,38311.0,151.0,210799.0,"Congressional District 20 (115th Congress), Florida",20,12
629417.0,368692.0,368573.0,339761.0,28812.0,119.0,260725.0,"Congressional District 21 (115th Congress), Florida",21,12
619992.0,401133.0,400688.0,372783.0,27905.0,445.0,218859.0,"Congressional District 22 (115th Congress), Florida",22,12
612273.0,396069.0,395357.0,369730.0,25627.0,712.0,216204.0,"Congressional District 23 (115th Congress), Florida",23,12
594851.0,368309.0,368188.0,329901.0,38287.0,121.0,226542.0,"Congressional District 24 (115th Congress), Florida",24,12
622416.0,374056.0,373908.0,350450.0,23458.0,148.0,248360.0,"Congressional District 25 (115th Congress), Florida",25,12
623286.0,390413.0,388515.0,361148.0,27367.0,1898.0,232873.0,"Congressional District 26 (115th Congress), Florida",26,12
629411.0,404719.0,404306.0,382069.0,22237.0,413.0,224692.0,"Congressional District 27 (115th Congress), Florida",27,12
571407.0,384799.0,384223.0,349199.0,35024.0,576.0,186608.0,"Congressional District 4 (115th Congress), Georgia",04,13
571095.0,351439.0,336524.0,308316.0,28208.0,14915.0,219656.0,"Congressional District 1 (115th Congress), Georgia",01,13
534163.0,298235.0,286830.0,253526.0,33304.0,11405.0,235928.0,"Congressional District 2 (115th Congress), Georgia",02,13
565283.0,346737.0,344680.0,318404.0,26276.0,2057.0,218546.0,"Congressional District 3 (115th Congress), Georgia",03,13
609418.0,401117.0,400655.0,362586.0,38069.0,462.0,208301.0,"Congressional District 5 (115th Congress), Georgia",05,13
578901.0,409110.0,408685.0,389552.0,19133.0,425.0,169791.0,"Congressional District 6 (115th Congress), Georgia",06,13
588857.0,407245.0,406669.0,384522.0,22147.0,576.0,181612.0,"Congressional District 7 (115th Congress), Georgia",07,13
553869.0,314791.0,310110.0,285750.0,24360.0,4681.0,239078.0,"Congressional District 8 (115th Congress), Georgia",08,13
577027.0,333559.0,333018.0,313596.0,19422.0,541.0,243468.0,"Congressional District 9 (115th Congress), Georgia",09,13
577076.0,341360.0,340427.0,316866.0,23561.0,933.0,235716.0,"Congressional District 10 (115th Congress), Georgia",10,13
585837.0,403174.0,402571.0,380668.0,21903.0,603.0,182663.0,"Congressional District 11 (115th Congress), Georgia",11,13
582672.0,383608.0,362522.0,348638.0,13884.0,21086.0,199064.0,"Congressional District 1 (115th Congress), Hawaii",01,15
563242.0,362832.0,343616.0,323120.0,20496.0,19216.0,200410.0,"Congressional District 2 (115th Congress), Hawaii",02,15
567749.0,367373.0,367248.0,339091.0,28157.0,125.0,200376.0,"Congressional District 3 (115th Congress), Illinois",03,17
561334.0,318853.0,309551.0,284209.0,25342.0,9302.0,242481.0,"Congressional District 12 (115th Congress), Georgia",12,13
561322.0,378292.0,377707.0,344266.0,33441.0,585.0,183030.0,"Congressional District 13 (115th Congress), Georgia",13,13
549744.0,337595.0,337260.0,314869.0,22391.0,335.0,212149.0,"Congressional District 14 (115th Congress), Georgia",14,13
657885.0,396716.0,395793.0,373433.0,22360.0,923.0,261169.0,"Congressional District 1 (115th Congress), Idaho",01,16
613477.0,397946.0,395193.0,375225.0,19968.0,2753.0,215531.0,"Congressional District 2 (115th Congress), Idaho",02,16
569779.0,352213.0,352143.0,306574.0,45569.0,70.0,217566.0,"Congressional District 1 (115th Congress), Illinois",01,17
555093.0,342109.0,341777.0,290892.0,50885.0,332.0,212984.0,"Congressional District 2 (115th Congress), Illinois",02,17
539992.0,366703.0,366541.0,338651.0,27890.0,162.0,173289.0,"Congressional District 4 (115th Congress), Illinois",04,17
612364.0,447536.0,447338.0,426102.0,21236.0,198.0,164828.0,"Congressional District 5 (115th Congress), Illinois",05,17
575672.0,397078.0,396928.0,378080.0,18848.0,150.0,178594.0,"Congressional District 6 (115th Congress), Illinois",06,17
590456.0,377303.0,377068.0,334538.0,42530.0,235.0,213153.0,"Congressional District 7 (115th Congress), Illinois",07,17
564757.0,402137.0,401881.0,377330.0,24551.0,256.0,162620.0,"Congressional District 8 (115th Congress), Illinois",08,17
592524.0,381971.0,381818.0,360986.0,20832.0,153.0,210553.0,"Congressional District 9 (115th Congress), Illinois",09,17
559969.0,381838.0,371700.0,349896.0,21804.0,10138.0,178131.0,"Congressional District 10 (115th Congress), Illinois",10,17
556326.0,388853.0,388545.0,364916.0,23629.0,308.0,167473.0,"Congressional District 11 (115th Congress), Illinois",11,17
562061.0,332518.0,329270.0,303845.0,25425.0,3248.0,229543.0,"Congressional District 12 (115th Congress), Illinois",12,17
578792.0,357349.0,356952.0,332399.0,24553.0,397.0,221443.0,"Congressional District 13 (115th Congress), Illinois",13,17
564185.0,396355.0,396100.0,375358.0,20742.0,255.0,167830.0,"Congressional District 14 (115th Congress), Illinois",14,17
562191.0,338099.0,337828.0,316333.0,21495.0,271.0,224092.0,"Congressional District 15 (115th Congress), Illinois",15,17
560483.0,358452.0,358215.0,331303.0,26912.0,237.0,202031.0,"Congressional District 16 (115th Congress), Illinois",16,17
554052.0,339096.0,338871.0,310955.0,27916.0,225.0,214956.0,"Congressional District 17 (115th Congress), Illinois",17,17
571438.0,363212.0,362740.0,344404.0,18336.0,472.0,208226.0,"Congressional District 18 (115th Congress), Illinois",18,17
593079.0,379273.0,378877.0,359340.0,19537.0,396.0,213806.0,"Congressional District 4 (115th Congress), Indiana",04,18
568777.0,347691.0,347557.0,320216.0,27341.0,134.0,221086.0,"Congressional District 1 (115th Congress), Indiana",01,18
562613.0,356346.0,356069.0,334062.0,22007.0,277.0,206267.0,"Congressional District 2 (115th Congress), Indiana",02,18
567876.0,372241.0,371912.0,351777.0,20135.0,329.0,195635.0,"Congressional District 3 (115th Congress), Indiana",03,18
593382.0,403508.0,403179.0,384495.0,18684.0,329.0,189874.0,"Congressional District 5 (115th Congress), Indiana",05,18
577308.0,357204.0,356998.0,335738.0,21260.0,206.0,220104.0,"Congressional District 6 (115th Congress), Indiana",06,18
577707.0,381032.0,380902.0,346939.0,33963.0,130.0,196675.0,"Congressional District 7 (115th Congress), Indiana",07,18
577233.0,353741.0,353445.0,335119.0,18326.0,296.0,223492.0,"Congressional District 8 (115th Congress), Indiana",08,18
598365.0,378336.0,377555.0,356609.0,20946.0,781.0,220029.0,"Congressional District 9 (115th Congress), Indiana",09,18
556756.0,365087.0,362841.0,343948.0,18893.0,2246.0,191669.0,"Congressional District 4 (115th Congress), Kansas",04,20
613672.0,416672.0,416455.0,399727.0,16728.0,217.0,197000.0,"Congressional District 1 (115th Congress), Iowa",01,19
619434.0,406129.0,405718.0,387897.0,17821.0,411.0,213305.0,"Congressional District 2 (115th Congress), Iowa",02,19
631251.0,446433.0,445674.0,426368.0,19306.0,759.0,184818.0,"Congressional District 3 (115th Congress), Iowa",03,19
606255.0,401214.0,400889.0,385726.0,15163.0,325.0,205041.0,"Congressional District 4 (115th Congress), Iowa",04,19
559404.0,372506.0,359184.0,342983.0,16201.0,13322.0,186898.0,"Congressional District 1 (115th Congress), Kansas",01,20
568173.0,361753.0,359252.0,341648.0,17604.0,2501.0,206420.0,"Congressional District 2 (115th Congress), Kansas",02,20
580300.0,410138.0,409777.0,391466.0,18311.0,361.0,170162.0,"Congressional District 3 (115th Congress), Kansas",03,20
588279.0,373587.0,372758.0,352110.0,20648.0,829.0,214692.0,"Congressional District 4 (115th Congress), Kentucky",04,21
574810.0,320078.0,312179.0,290911.0,21268.0,7899.0,254732.0,"Congressional District 1 (115th Congress), Kentucky",01,21
592828.0,362860.0,358139.0,335331.0,22808.0,4721.0,229968.0,"Congressional District 2 (115th Congress), Kentucky",02,21
594128.0,391306.0,390892.0,365684.0,25208.0,414.0,202822.0,"Congressional District 3 (115th Congress), Kentucky",03,21
568456.0,257095.0,256867.0,231110.0,25757.0,228.0,311361.0,"Congressional District 5 (115th Congress), Kentucky",05,21
607565.0,388646.0,388032.0,363004.0,25028.0,614.0,218919.0,"Congressional District 6 (115th Congress), Kentucky",06,21
594257.0,333473.0,322331.0,297844.0,24487.0,11142.0,260784.0,"Congressional District 4 (115th Congress), Louisiana",04,22
561137.0,371205.0,370020.0,353346.0,16674.0,1185.0,189932.0,"Congressional District 1 (115th Congress), Maine",01,23
543391.0,326137.0,325463.0,305347.0,20116.0,674.0,217254.0,"Congressional District 2 (115th Congress), Maine",02,23
634194.0,402031.0,400234.0,376514.0,23720.0,1797.0,232163.0,"Congressional District 1 (115th Congress), Louisiana",01,22
629939.0,380247.0,379226.0,343838.0,35388.0,1021.0,249692.0,"Congressional District 2 (115th Congress), Louisiana",02,22
607684.0,377982.0,377629.0,351592.0,26037.0,353.0,229702.0,"Congressional District 3 (115th Congress), Louisiana",03,22
590774.0,309394.0,308692.0,283649.0,25043.0,702.0,281380.0,"Congressional District 5 (115th Congress), Louisiana",05,22
617159.0,400928.0,400312.0,377801.0,22511.0,616.0,216231.0,"Congressional District 6 (115th Congress), Louisiana",06,22
602930.0,414627.0,414359.0,393299.0,21060.0,268.0,188303.0,"Congressional District 4 (115th Congress), Massachusetts",04,25
598443.0,378942.0,378374.0,350235.0,28139.0,568.0,219501.0,"Congressional District 1 (115th Congress), Massachusetts",01,25
613677.0,402871.0,402425.0,377949.0,24476.0,446.0,210806.0,"Congressional District 2 (115th Congress), Massachusetts",02,25
606960.0,412942.0,412406.0,387060.0,25346.0,536.0,194018.0,"Congressional District 3 (115th Congress), Massachusetts",03,25
627005.0,435880.0,435074.0,415125.0,19949.0,806.0,191125.0,"Congressional District 5 (115th Congress), Massachusetts",05,25
624343.0,423407.0,422911.0,401034.0,21877.0,496.0,200936.0,"Congressional District 6 (115th Congress), Massachusetts",06,25
662762.0,459699.0,459274.0,424882.0,34392.0,425.0,203063.0,"Congressional District 7 (115th Congress), Massachusetts",07,25
628485.0,440084.0,439489.0,413538.0,25951.0,595.0,188401.0,"Congressional District 8 (115th Congress), Massachusetts",08,25
611571.0,387029.0,386216.0,362550.0,23666.0,813.0,224542.0,"Congressional District 9 (115th Congress), Massachusetts",09,25
589482.0,426500.0,423434.0,394049.0,29385.0,3066.0,162982.0,"Congressional District 4 (115th Congress), Maryland",04,24
592495.0,383696.0,382892.0,361648.0,21244.0,804.0,208799.0,"Congressional District 1 (115th Congress), Maryland",01,24
601342.0,407770.0,401765.0,375592.0,26173.0,6005.0,193572.0,"Congressional District 2 (115th Congress), Maryland",02,24
610477.0,428515.0,420799.0,398303.0,22496.0,7716.0,181962.0,"Congressional District 3 (115th Congress), Maryland",03,24
608012.0,418996.0,413571.0,389710.0,23861.0,5425.0,189016.0,"Congressional District 5 (115th Congress), Maryland",05,24
604412.0,407470.0,405728.0,382348.0,23380.0,1742.0,196942.0,"Congressional District 6 (115th Congress), Maryland",06,24
587548.0,366426.0,365738.0,335594.0,30144.0,688.0,221122.0,"Congressional District 7 (115th Congress), Maryland",07,24
607083.0,427696.0,425240.0,403548.0,21692.0,2456.0,179387.0,"Congressional District 8 (115th Congress), Maryland",08,24
572747.0,323754.0,323608.0,300204.0,23404.0,146.0,248993.0,"Congressional District 4 (115th Congress), Michigan",04,26
585007.0,322437.0,321603.0,298766.0,22837.0,834.0,262570.0,"Congressional District 1 (115th Congress), Michigan",01,26
574880.0,369645.0,369457.0,347695.0,21762.0,188.0,205235.0,"Congressional District 2 (115th Congress), Michigan",02,26
574305.0,373103.0,372713.0,350038.0,22675.0,390.0,201202.0,"Congressional District 3 (115th Congress), Michigan",03,26
548655.0,310696.0,310509.0,279193.0,31316.0,187.0,237959.0,"Congressional District 5 (115th Congress), Michigan",05,26
569486.0,359376.0,359179.0,336743.0,22436.0,197.0,210110.0,"Congressional District 6 (115th Congress), Michigan",06,26
567213.0,341114.0,340780.0,320370.0,20410.0,334.0,226099.0,"Congressional District 7 (115th Congress), Michigan",07,26
588221.0,383391.0,383113.0,359554.0,23559.0,278.0,204830.0,"Congressional District 8 (115th Congress), Michigan",08,26
588834.0,375512.0,375267.0,350547.0,24720.0,245.0,213322.0,"Congressional District 9 (115th Congress), Michigan",09,26
576602.0,358310.0,357871.0,335993.0,21878.0,439.0,218292.0,"Congressional District 10 (115th Congress), Michigan",10,26
582133.0,387800.0,387608.0,369226.0,18382.0,192.0,194333.0,"Congressional District 11 (115th Congress), Michigan",11,26
574115.0,358968.0,358747.0,335346.0,23401.0,221.0,215147.0,"Congressional District 12 (115th Congress), Michigan",12,26
532514.0,300645.0,300592.0,256761.0,43831.0,53.0,231869.0,"Congressional District 13 (115th Congress), Michigan",13,26
551196.0,325591.0,325451.0,284438.0,41013.0,140.0,225605.0,"Congressional District 14 (115th Congress), Michigan",14,26
553339.0,383884.0,383573.0,364226.0,19347.0,311.0,169455.0,"Congressional District 4 (115th Congress), Minnesota",04,27
532473.0,368041.0,367800.0,352876.0,14924.0,241.0,164432.0,"Congressional District 1 (115th Congress), Minnesota",01,27
537880.0,397341.0,396969.0,381706.0,15263.0,372.0,140539.0,"Congressional District 2 (115th Congress), Minnesota",02,27
555081.0,396251.0,396059.0,381937.0,14122.0,192.0,158830.0,"Congressional District 3 (115th Congress), Minnesota",03,27
569526.0,415158.0,414983.0,391845.0,23138.0,175.0,154368.0,"Congressional District 5 (115th Congress), Minnesota",05,27
536102.0,395159.0,394921.0,380055.0,14866.0,238.0,140943.0,"Congressional District 6 (115th Congress), Minnesota",06,27
524662.0,347418.0,347292.0,334853.0,12439.0,126.0,177244.0,"Congressional District 7 (115th Congress), Minnesota",07,27
538350.0,333444.0,333016.0,316605.0,16411.0,428.0,204906.0,"Congressional District 8 (115th Congress), Minnesota",08,27
600039.0,352467.0,345070.0,313222.0,31848.0,7397.0,247572.0,"Congressional District 4 (115th Congress), Mississippi",04,28
595053.0,354098.0,352874.0,326487.0,26387.0,1224.0,240955.0,"Congressional District 1 (115th Congress), Mississippi",01,28
556366.0,302342.0,302129.0,265926.0,36203.0,213.0,254024.0,"Congressional District 2 (115th Congress), Mississippi",02,28
589981.0,340957.0,339541.0,316193.0,23348.0,1416.0,249024.0,"Congressional District 3 (115th Congress), Mississippi",03,28
592015.0,390213.0,389776.0,353665.0,36111.0,437.0,201802.0,"Congressional District 1 (115th Congress), Missouri",01,29
603803.0,395792.0,395501.0,372390.0,23111.0,291.0,208011.0,"Congressional District 5 (115th Congress), Missouri",05,29
616160.0,409473.0,409346.0,394270.0,15076.0,127.0,206687.0,"Congressional District 2 (115th Congress), Missouri",02,29
613126.0,400938.0,400490.0,380729.0,19761.0,448.0,212188.0,"Congressional District 3 (115th Congress), Missouri",03,29
610758.0,374650.0,358372.0,337400.0,20972.0,16278.0,236108.0,"Congressional District 4 (115th Congress), Missouri",04,29
602546.0,387250.0,386234.0,369139.0,17095.0,1016.0,215296.0,"Congressional District 6 (115th Congress), Missouri",06,29
612351.0,376586.0,376317.0,355448.0,20869.0,269.0,235765.0,"Congressional District 7 (115th Congress), Missouri",07,29
593746.0,327755.0,327276.0,304352.0,22924.0,479.0,265991.0,"Congressional District 8 (115th Congress), Missouri",08,29
828198.0,526388.0,523071.0,497995.0,25076.0,3317.0,301810.0,"Congressional District (at Large) (115th Congress), Montana",00,30
498306.0,351546.0,348332.0,334918.0,13414.0,3214.0,146760.0,"Congressional District 1 (115th Congress), Nebraska",01,31
498587.0,358036.0,356542.0,342094.0,14448.0,1494.0,140551.0,"Congressional District 2 (115th Congress), Nebraska",02,31
477820.0,321423.0,321223.0,310204.0,11019.0,200.0,156397.0,"Congressional District 3 (115th Congress), Nebraska",03,31
554949.0,383676.0,382284.0,364775.0,17509.0,1392.0,171273.0,"Congressional District 1 (115th Congress), New Hampshire",01,33
547318.0,365103.0,364706.0,348649.0,16057.0,397.0,182215.0,"Congressional District 2 (115th Congress), New Hampshire",02,33
565462.0,347526.0,342159.0,311259.0,30900.0,5367.0,217936.0,"Congressional District 4 (115th Congress), Nevada",04,32
551070.0,354905.0,354624.0,319503.0,35121.0,281.0,196165.0,"Congressional District 1 (115th Congress), Nevada",01,32
563582.0,359772.0,358435.0,334112.0,24323.0,1337.0,203810.0,"Congressional District 2 (115th Congress), Nevada",02,32
612372.0,403117.0,402425.0,376484.0,25941.0,692.0,209255.0,"Congressional District 3 (115th Congress), Nevada",03,32
623196.0,435180.0,435051.0,401467.0,33584.0,129.0,188016.0,"Congressional District 8 (115th Congress), New Jersey",08,34
601885.0,400732.0,400545.0,378652.0,21893.0,187.0,201153.0,"Congressional District 5 (115th Congress), New Jersey",05,34
601229.0,390753.0,390594.0,364976.0,25618.0,159.0,210476.0,"Congressional District 6 (115th Congress), New Jersey",06,34
595803.0,404581.0,404422.0,384301.0,20121.0,159.0,191222.0,"Congressional District 7 (115th Congress), New Jersey",07,34
606479.0,385381.0,385186.0,363549.0,21637.0,195.0,221098.0,"Congressional District 9 (115th Congress), New Jersey",09,34
598289.0,391090.0,390823.0,345865.0,44958.0,267.0,207199.0,"Congressional District 10 (115th Congress), New Jersey",10,34
603670.0,408141.0,407961.0,386129.0,21832.0,180.0,195529.0,"Congressional District 11 (115th Congress), New Jersey",11,34
609023.0,400081.0,400019.0,372741.0,27278.0,62.0,208942.0,"Congressional District 12 (115th Congress), New Jersey",12,34
584448.0,389200.0,388822.0,358118.0,30704.0,378.0,195248.0,"Congressional District 1 (115th Congress), New Jersey",01,34
587933.0,365398.0,364046.0,330971.0,33075.0,1352.0,222535.0,"Congressional District 2 (115th Congress), New Jersey",02,34
603808.0,386067.0,381668.0,355525.0,26143.0,4399.0,217741.0,"Congressional District 3 (115th Congress), New Jersey",03,34
581452.0,367638.0,367054.0,345730.0,21324.0,584.0,213814.0,"Congressional District 4 (115th Congress), New Jersey",04,34
555769.0,342787.0,340418.0,317225.0,23193.0,2369.0,212982.0,"Congressional District 1 (115th Congress), New Mexico",01,35
541865.0,304296.0,300432.0,275326.0,25106.0,3864.0,237569.0,"Congressional District 2 (115th Congress), New Mexico",02,35
546074.0,315040.0,312061.0,286650.0,25411.0,2979.0,231034.0,"Congressional District 3 (115th Congress), New Mexico",03,35
584701.0,383645.0,383391.0,363434.0,19957.0,254.0,201056.0,"Congressional District 4 (115th Congress), New York",04,36
587812.0,373700.0,373329.0,353841.0,19488.0,371.0,214112.0,"Congressional District 1 (115th Congress), New York",01,36
579815.0,391049.0,390861.0,369444.0,21417.0,188.0,188766.0,"Congressional District 2 (115th Congress), New York",02,36
593545.0,370172.0,369919.0,352756.0,17163.0,253.0,223373.0,"Congressional District 3 (115th Congress), New York",03,36
628677.0,407080.0,406838.0,369442.0,37396.0,242.0,221597.0,"Congressional District 5 (115th Congress), New York",05,36
616776.0,382059.0,381840.0,359775.0,22065.0,219.0,234717.0,"Congressional District 6 (115th Congress), New York",06,36
595462.0,384119.0,384055.0,354999.0,29056.0,64.0,211343.0,"Congressional District 7 (115th Congress), New York",07,36
623664.0,383212.0,382928.0,346582.0,36346.0,284.0,240452.0,"Congressional District 8 (115th Congress), New York",08,36
596164.0,380332.0,380164.0,349585.0,30579.0,168.0,215832.0,"Congressional District 9 (115th Congress), New York",09,36
608224.0,408778.0,408709.0,387153.0,21556.0,69.0,199446.0,"Congressional District 10 (115th Congress), New York",10,36
591562.0,351703.0,351267.0,329774.0,21493.0,436.0,239859.0,"Congressional District 11 (115th Congress), New York",11,36
653747.0,470874.0,470565.0,450061.0,20504.0,309.0,182873.0,"Congressional District 12 (115th Congress), New York",12,36
637821.0,403761.0,403657.0,360566.0,43091.0,104.0,234060.0,"Congressional District 13 (115th Congress), New York",13,36
590406.0,378645.0,378457.0,352294.0,26163.0,188.0,211761.0,"Congressional District 14 (115th Congress), New York",14,36
569174.0,325246.0,325080.0,283716.0,41364.0,166.0,243928.0,"Congressional District 15 (115th Congress), New York",15,36
599252.0,381489.0,381463.0,350530.0,30933.0,26.0,217763.0,"Congressional District 16 (115th Congress), New York",16,36
581176.0,386297.0,386119.0,362587.0,23532.0,178.0,194879.0,"Congressional District 17 (115th Congress), New York",17,36
574603.0,371707.0,367288.0,345660.0,21628.0,4419.0,202896.0,"Congressional District 18 (115th Congress), New York",18,36
589943.0,355538.0,355166.0,331855.0,23311.0,372.0,234405.0,"Congressional District 19 (115th Congress), New York",19,36
599027.0,388356.0,386990.0,364614.0,22376.0,1366.0,210671.0,"Congressional District 20 (115th Congress), New York",20,36
582525.0,346690.0,335278.0,312147.0,23131.0,11412.0,235835.0,"Congressional District 21 (115th Congress), New York",21,36
576838.0,341656.0,341133.0,319352.0,21781.0,523.0,235182.0,"Congressional District 22 (115th Congress), New York",22,36
579293.0,337832.0,337585.0,316062.0,21523.0,247.0,241461.0,"Congressional District 23 (115th Congress), New York",23,36
578076.0,360744.0,360273.0,336424.0,23849.0,471.0,217332.0,"Congressional District 24 (115th Congress), New York",24,36
586284.0,378729.0,378558.0,353293.0,25265.0,171.0,207555.0,"Congressional District 25 (115th Congress), New York",25,36
585162.0,360673.0,360349.0,337469.0,22880.0,324.0,224489.0,"Congressional District 26 (115th Congress), New York",26,36
591252.0,372116.0,371737.0,354216.0,17521.0,379.0,219136.0,"Congressional District 27 (115th Congress), New York",27,36
659814.0,465745.0,465172.0,442297.0,22875.0,573.0,194069.0,"Congressional District 4 (115th Congress), North Carolina",04,37
605632.0,360071.0,359441.0,328585.0,30856.0,630.0,245561.0,"Congressional District 1 (115th Congress), North Carolina",01,37
618784.0,405451.0,400080.0,374693.0,25387.0,5371.0,213333.0,"Congressional District 2 (115th Congress), North Carolina",02,37
604793.0,380204.0,332813.0,304206.0,28607.0,47391.0,224589.0,"Congressional District 3 (115th Congress), North Carolina",03,37
607425.0,356301.0,355733.0,331643.0,24090.0,568.0,251124.0,"Congressional District 5 (115th Congress), North Carolina",05,37
604400.0,369416.0,368667.0,344877.0,23790.0,749.0,234984.0,"Congressional District 6 (115th Congress), North Carolina",06,37
629430.0,370013.0,365791.0,336771.0,29020.0,4222.0,259417.0,"Congressional District 7 (115th Congress), North Carolina",07,37
605385.0,383883.0,350800.0,321949.0,28851.0,33083.0,221502.0,"Congressional District 8 (115th Congress), North Carolina",08,37
599584.0,365581.0,363501.0,337741.0,25760.0,2080.0,234003.0,"Congressional District 9 (115th Congress), North Carolina",09,37
607588.0,367634.0,367259.0,339192.0,28067.0,375.0,239954.0,"Congressional District 10 (115th Congress), North Carolina",10,37
617904.0,340686.0,340333.0,319483.0,20850.0,353.0,277218.0,"Congressional District 11 (115th Congress), North Carolina",11,37
647882.0,470484.0,469832.0,435051.0,34781.0,652.0,177398.0,"Congressional District 12 (115th Congress), North Carolina",12,37
573134.0,319292.0,319138.0,297950.0,21188.0,154.0,253842.0,"Congressional District 6 (115th Congress), Ohio",06,39
613098.0,384362.0,383885.0,354532.0,29353.0,477.0,228736.0,"Congressional District 13 (115th Congress), North Carolina",13,37
592279.0,417893.0,411539.0,400454.0,11085.0,6354.0,174386.0,"Congressional District (at Large) (115th Congress), North Dakota",00,38
573907.0,373913.0,373672.0,346335.0,27337.0,241.0,199994.0,"Congressional District 1 (115th Congress), Ohio",01,39
578722.0,365586.0,365427.0,345595.0,19832.0,159.0,213136.0,"Congressional District 2 (115th Congress), Ohio",02,39
599596.0,408506.0,408150.0,378489.0,29661.0,356.0,191090.0,"Congressional District 3 (115th Congress), Ohio",03,39
569569.0,352600.0,352401.0,330985.0,21416.0,199.0,216969.0,"Congressional District 4 (115th Congress), Ohio",04,39
578773.0,379693.0,379146.0,360353.0,18793.0,547.0,199080.0,"Congressional District 5 (115th Congress), Ohio",05,39
574812.0,362109.0,361803.0,341034.0,20769.0,306.0,212703.0,"Congressional District 7 (115th Congress), Ohio",07,39
573002.0,365668.0,365357.0,344316.0,21041.0,311.0,207334.0,"Congressional District 8 (115th Congress), Ohio",08,39
569901.0,358680.0,358457.0,325892.0,32565.0,223.0,211221.0,"Congressional District 9 (115th Congress), Ohio",09,39
580525.0,359341.0,354918.0,328845.0,26073.0,4423.0,221184.0,"Congressional District 10 (115th Congress), Ohio",10,39
560946.0,336594.0,336534.0,295060.0,41474.0,60.0,224352.0,"Congressional District 11 (115th Congress), Ohio",11,39
600487.0,401900.0,401528.0,383976.0,17552.0,372.0,198587.0,"Congressional District 12 (115th Congress), Ohio",12,39
584763.0,356794.0,356577.0,329418.0,27159.0,217.0,227969.0,"Congressional District 13 (115th Congress), Ohio",13,39
581356.0,372135.0,371923.0,354518.0,17405.0,212.0,209221.0,"Congressional District 14 (115th Congress), Ohio",14,39
604582.0,379049.0,378616.0,358666.0,19950.0,433.0,225533.0,"Congressional District 15 (115th Congress), Ohio",15,39
586737.0,383395.0,383268.0,366748.0,16520.0,127.0,203342.0,"Congressional District 16 (115th Congress), Ohio",16,39
611314.0,404171.0,403879.0,380493.0,23386.0,292.0,207143.0,"Congressional District 1 (115th Congress), Oklahoma",01,40
592003.0,316154.0,315804.0,293687.0,22117.0,350.0,275849.0,"Congressional District 2 (115th Congress), Oklahoma",02,40
605287.0,364670.0,362247.0,344397.0,17850.0,2423.0,240617.0,"Congressional District 3 (115th Congress), Oklahoma",03,40
615503.0,387758.0,375178.0,354683.0,20495.0,12580.0,227745.0,"Congressional District 4 (115th Congress), Oklahoma",04,40
619154.0,396290.0,394686.0,373159.0,21527.0,1604.0,222864.0,"Congressional District 5 (115th Congress), Oklahoma",05,40
653857.0,368515.0,367941.0,337982.0,29959.0,574.0,285342.0,"Congressional District 4 (115th Congress), Oregon",04,41
651099.0,433965.0,433165.0,408259.0,24906.0,800.0,217134.0,"Congressional District 1 (115th Congress), Oregon",01,41
640663.0,368709.0,368237.0,341388.0,26849.0,472.0,271954.0,"Congressional District 2 (115th Congress), Oregon",02,41
672330.0,458455.0,458151.0,427162.0,30989.0,304.0,213875.0,"Congressional District 3 (115th Congress), Oregon",03,41
586942.0,335145.0,334970.0,315267.0,19703.0,175.0,251797.0,"Congressional District 5 (115th Congress), Pennsylvania",05,42
642126.0,397103.0,396628.0,371192.0,25436.0,475.0,245023.0,"Congressional District 5 (115th Congress), Oregon",05,41
436416.0,281692.0,278707.0,258769.0,19938.0,2985.0,154724.0,"Congressional District 1 (115th Congress), Rhode Island",01,44
434913.0,286328.0,285998.0,267302.0,18696.0,330.0,148585.0,"Congressional District 2 (115th Congress), Rhode Island",02,44
572349.0,355333.0,355221.0,316313.0,38908.0,112.0,217016.0,"Congressional District 1 (115th Congress), Pennsylvania",01,42
588053.0,335771.0,335690.0,298543.0,37147.0,81.0,252282.0,"Congressional District 2 (115th Congress), Pennsylvania",02,42
568005.0,338540.0,338355.0,318120.0,20235.0,185.0,229465.0,"Congressional District 3 (115th Congress), Pennsylvania",03,42
580297.0,378982.0,378578.0,357841.0,20737.0,404.0,201315.0,"Congressional District 4 (115th Congress), Pennsylvania",04,42
584175.0,398176.0,398052.0,378018.0,20034.0,124.0,185999.0,"Congressional District 6 (115th Congress), Pennsylvania",06,42
578721.0,380884.0,380578.0,360591.0,19987.0,306.0,197837.0,"Congressional District 7 (115th Congress), Pennsylvania",07,42
578119.0,391903.0,391661.0,371118.0,20543.0,242.0,186216.0,"Congressional District 8 (115th Congress), Pennsylvania",08,42
569826.0,329702.0,329464.0,308277.0,21187.0,238.0,240124.0,"Congressional District 9 (115th Congress), Pennsylvania",09,42
574324.0,336972.0,336776.0,316825.0,19951.0,196.0,237352.0,"Congressional District 10 (115th Congress), Pennsylvania",10,42
581269.0,358289.0,357647.0,338196.0,19451.0,642.0,222980.0,"Congressional District 11 (115th Congress), Pennsylvania",11,42
576337.0,355204.0,354997.0,336298.0,18699.0,207.0,221133.0,"Congressional District 12 (115th Congress), Pennsylvania",12,42
578701.0,382148.0,381932.0,352608.0,29324.0,216.0,196553.0,"Congressional District 13 (115th Congress), Pennsylvania",13,42
592703.0,376993.0,376792.0,349209.0,27583.0,201.0,215710.0,"Congressional District 14 (115th Congress), Pennsylvania",14,42
585762.0,378616.0,378213.0,354956.0,23257.0,403.0,207146.0,"Congressional District 15 (115th Congress), Pennsylvania",15,42
567072.0,376438.0,376166.0,352312.0,23854.0,272.0,190634.0,"Congressional District 16 (115th Congress), Pennsylvania",16,42
574078.0,345995.0,345734.0,321641.0,24093.0,261.0,228083.0,"Congressional District 17 (115th Congress), Pennsylvania",17,42
583238.0,368575.0,368167.0,350844.0,17323.0,408.0,214663.0,"Congressional District 18 (115th Congress), Pennsylvania",18,42
560910.0,353574.0,353159.0,332485.0,20674.0,415.0,207336.0,"Congressional District 4 (115th Congress), South Carolina",04,45
601769.0,390787.0,380994.0,360824.0,20170.0,9793.0,210982.0,"Congressional District 1 (115th Congress), South Carolina",01,45
554502.0,359837.0,349652.0,327423.0,22229.0,10185.0,194665.0,"Congressional District 2 (115th Congress), South Carolina",02,45
547345.0,312417.0,312033.0,289746.0,22287.0,384.0,234928.0,"Congressional District 3 (115th Congress), South Carolina",03,45
551769.0,330604.0,327422.0,302326.0,25096.0,3182.0,221165.0,"Congressional District 5 (115th Congress), South Carolina",05,45
541670.0,310871.0,304584.0,273388.0,31196.0,6287.0,230799.0,"Congressional District 6 (115th Congress), South Carolina",06,45
568501.0,323810.0,323459.0,294854.0,28605.0,351.0,244691.0,"Congressional District 7 (115th Congress), South Carolina",07,45
585337.0,326505.0,326202.0,304017.0,22185.0,303.0,258832.0,"Congressional District 1 (115th Congress), Tennessee",01,47
666450.0,458023.0,455357.0,438339.0,17018.0,2666.0,208427.0,"Congressional District (at Large) (115th Congress), South Dakota",00,46
596190.0,356348.0,355591.0,335479.0,20112.0,757.0,239842.0,"Congressional District 6 (115th Congress), Tennessee",06,47
586082.0,353549.0,340486.0,317507.0,22979.0,13063.0,232533.0,"Congressional District 7 (115th Congress), Tennessee",07,47
562531.0,336412.0,335339.0,315222.0,20117.0,1073.0,226119.0,"Congressional District 8 (115th Congress), Tennessee",08,47
546002.0,351903.0,350925.0,314957.0,35968.0,978.0,194099.0,"Congressional District 9 (115th Congress), Tennessee",09,47
596931.0,364834.0,364454.0,343231.0,21223.0,380.0,232097.0,"Congressional District 2 (115th Congress), Tennessee",02,47
588805.0,336848.0,336356.0,313584.0,22772.0,492.0,251957.0,"Congressional District 3 (115th Congress), Tennessee",03,47
597852.0,375704.0,375033.0,351998.0,23035.0,671.0,222148.0,"Congressional District 4 (115th Congress), Tennessee",04,47
610527.0,423446.0,422980.0,400615.0,22365.0,466.0,187081.0,"Congressional District 5 (115th Congress), Tennessee",05,47
569965.0,337556.0,337124.0,316097.0,21027.0,432.0,232409.0,"Congressional District 4 (115th Congress), Texas",04,48
557091.0,323088.0,322778.0,301265.0,21513.0,310.0,234003.0,"Congressional District 1 (115th Congress), Texas",01,48
602272.0,422556.0,422313.0,401722.0,20591.0,243.0,179716.0,"Congressional District 2 (115th Congress), Texas",02,48
624591.0,445296.0,444810.0,425946.0,18864.0,486.0,179295.0,"Congressional District 3 (115th Congress), Texas",03,48
566273.0,347429.0,347213.0,326201.0,21012.0,216.0,218844.0,"Congressional District 5 (115th Congress), Texas",05,48
584811.0,399116.0,398558.0,377891.0,20667.0,558.0,185695.0,"Congressional District 6 (115th Congress), Texas",06,48
591911.0,413670.0,413453.0,393987.0,19466.0,217.0,178241.0,"Congressional District 7 (115th Congress), Texas",07,48
624962.0,375944.0,375420.0,357037.0,18383.0,524.0,249018.0,"Congressional District 8 (115th Congress), Texas",08,48
594661.0,408545.0,408424.0,375980.0,32444.0,121.0,186116.0,"Congressional District 9 (115th Congress), Texas",09,48
625726.0,428067.0,427814.0,406597.0,21217.0,253.0,197659.0,"Congressional District 10 (115th Congress), Texas",10,48
582745.0,358836.0,355508.0,338727.0,16781.0,3328.0,223909.0,"Congressional District 11 (115th Congress), Texas",11,48
600456.0,400308.0,398983.0,377090.0,21893.0,1325.0,200148.0,"Congressional District 12 (115th Congress), Texas",12,48
550324.0,341623.0,334933.0,319132.0,15801.0,6690.0,208701.0,"Congressional District 13 (115th Congress), Texas",13,48
578171.0,347297.0,346672.0,324651.0,22021.0,625.0,230874.0,"Congressional District 14 (115th Congress), Texas",14,48
550308.0,324724.0,323982.0,300580.0,23402.0,742.0,225584.0,"Congressional District 15 (115th Congress), Texas",15,48
554621.0,343359.0,325243.0,303142.0,22101.0,18116.0,211262.0,"Congressional District 16 (115th Congress), Texas",16,48
596160.0,378703.0,378200.0,359465.0,18735.0,503.0,217457.0,"Congressional District 17 (115th Congress), Texas",17,48
583039.0,380103.0,379978.0,350244.0,29734.0,125.0,202936.0,"Congressional District 18 (115th Congress), Texas",18,48
561520.0,345621.0,341641.0,324227.0,17414.0,3980.0,215899.0,"Congressional District 19 (115th Congress), Texas",19,48
598374.0,389405.0,381698.0,356171.0,25527.0,7707.0,208969.0,"Congressional District 20 (115th Congress), Texas",20,48
637415.0,420318.0,416585.0,398064.0,18521.0,3733.0,217097.0,"Congressional District 21 (115th Congress), Texas",21,48
635789.0,427896.0,427408.0,406841.0,20567.0,488.0,207893.0,"Congressional District 22 (115th Congress), Texas",22,48
625222.0,451810.0,451302.0,431182.0,20120.0,508.0,173412.0,"Congressional District 26 (115th Congress), Texas",26,48
563109.0,337337.0,333176.0,310641.0,22535.0,4161.0,225772.0,"Congressional District 23 (115th Congress), Texas",23,48
610629.0,452263.0,452049.0,433141.0,18908.0,214.0,158366.0,"Congressional District 24 (115th Congress), Texas",24,48
592829.0,373707.0,361124.0,341923.0,19201.0,12583.0,219122.0,"Congressional District 25 (115th Congress), Texas",25,48
569182.0,352669.0,350853.0,330997.0,19856.0,1816.0,216513.0,"Congressional District 27 (115th Congress), Texas",27,48
536468.0,319264.0,317428.0,294047.0,23381.0,1836.0,217204.0,"Congressional District 28 (115th Congress), Texas",28,48
532637.0,346769.0,346586.0,321126.0,25460.0,183.0,185868.0,"Congressional District 29 (115th Congress), Texas",29,48
568092.0,362683.0,362465.0,336710.0,25755.0,218.0,205409.0,"Congressional District 30 (115th Congress), Texas",30,48
612583.0,416092.0,400110.0,376641.0,23469.0,15982.0,196491.0,"Congressional District 31 (115th Congress), Texas",31,48
592771.0,419138.0,418993.0,397309.0,21684.0,145.0,173633.0,"Congressional District 32 (115th Congress), Texas",32,48
522143.0,341549.0,341384.0,316352.0,25032.0,165.0,180594.0,"Congressional District 33 (115th Congress), Texas",33,48
527843.0,288078.0,287622.0,265134.0,22488.0,456.0,239765.0,"Congressional District 34 (115th Congress), Texas",34,48
606808.0,405190.0,403507.0,379908.0,23599.0,1683.0,201618.0,"Congressional District 35 (115th Congress), Texas",35,48
566507.0,339029.0,338620.0,312901.0,25719.0,409.0,227478.0,"Congressional District 36 (115th Congress), Texas",36,48
532936.0,360649.0,358123.0,342958.0,15165.0,2526.0,172287.0,"Congressional District 1 (115th Congress), Utah",01,49
555816.0,363896.0,363461.0,345727.0,17734.0,435.0,191920.0,"Congressional District 2 (115th Congress), Utah",02,49
536277.0,361990.0,361541.0,346177.0,15364.0,449.0,174287.0,"Congressional District 3 (115th Congress), Utah",03,49
554059.0,394122.0,393403.0,377352.0,16051.0,719.0,159937.0,"Congressional District 4 (115th Congress), Utah",04,49
602778.0,352551.0,351501.0,333795.0,17706.0,1050.0,250227.0,"Congressional District 5 (115th Congress), Virginia",05,51
520031.0,342645.0,342233.0,327264.0,14969.0,412.0,177386.0,"Congressional District (at Large) (115th Congress), Vermont",00,50
611564.0,410800.0,400384.0,381821.0,18563.0,10416.0,200764.0,"Congressional District 1 (115th Congress), Virginia",01,51
595073.0,410239.0,361910.0,341342.0,20568.0,48329.0,184834.0,"Congressional District 2 (115th Congress), Virginia",02,51
587141.0,388098.0,366094.0,336943.0,29151.0,22004.0,199043.0,"Congressional District 3 (115th Congress), Virginia",03,51
617016.0,389898.0,382672.0,352541.0,30131.0,7226.0,227118.0,"Congressional District 4 (115th Congress), Virginia",04,51
611582.0,374074.0,373243.0,353233.0,20010.0,831.0,237508.0,"Congressional District 6 (115th Congress), Virginia",06,51
609025.0,409895.0,408766.0,387336.0,21430.0,1129.0,199130.0,"Congressional District 7 (115th Congress), Virginia",07,51
637490.0,484513.0,473412.0,453970.0,19442.0,11101.0,152977.0,"Congressional District 8 (115th Congress), Virginia",08,51
597256.0,317702.0,316916.0,296572.0,20344.0,786.0,279554.0,"Congressional District 9 (115th Congress), Virginia",09,51
619874.0,444135.0,441359.0,422511.0,18848.0,2776.0,175739.0,"Congressional District 10 (115th Congress), Virginia",10,51
619592.0,449595.0,444426.0,423971.0,20455.0,5169.0,169997.0,"Congressional District 11 (115th Congress), Virginia",11,51
559959.0,336587.0,335780.0,312999.0,22781.0,807.0,223372.0,"Congressional District 3 (115th Congress), Washington",03,53
509548.0,283527.0,283305.0,265161.0,18144.0,222.0,226021.0,"Congressional District 1 (115th Congress), West Virginia",01,54
505216.0,289862.0,289147.0,268547.0,20600.0,715.0,215354.0,"Congressional District 2 (115th Congress), West Virginia",02,54
488287.0,232338.0,232165.0,213250.0,18915.0,173.0,255949.0,"Congressional District 3 (115th Congress), West Virginia",03,54
576991.0,385778.0,385174.0,365997.0,19177.0,604.0,191213.0,"Congressional District 1 (115th Congress), Washington",01,53
582552.0,379636.0,370957.0,348293.0,22664.0,8679.0,202916.0,"Congressional District 2 (115th Congress), Washington",02,53
525648.0,327257.0,326639.0,305188.0,21451.0,618.0,198391.0,"Congressional District 4 (115th Congress), Washington",04,53
563156.0,331912.0,329277.0,308033.0,21244.0,2635.0,231244.0,"Congressional District 5 (115th Congress), Washington",05,53
568680.0,328595.0,314526.0,292914.0,21612.0,14069.0,240085.0,"Congressional District 6 (115th Congress), Washington",06,53
639551.0,459904.0,458680.0,437954.0,20726.0,1224.0,179647.0,"Congressional District 7 (115th Congress), Washington",07,53
563507.0,373227.0,372212.0,351936.0,20276.0,1015.0,190280.0,"Congressional District 8 (115th Congress), Washington",08,53
587440.0,399315.0,398620.0,376146.0,22474.0,695.0,188125.0,"Congressional District 9 (115th Congress), Washington",09,53
567368.0,363608.0,345079.0,318663.0,26416.0,18529.0,203760.0,"Congressional District 10 (115th Congress), Washington",10,53
584145.0,400803.0,400640.0,385594.0,15046.0,163.0,183342.0,"Congressional District 5 (115th Congress), Wisconsin",05,55
459782.0,310748.0,308092.0,293633.0,14459.0,2656.0,149034.0,"Congressional District (at Large) (115th Congress), Wyoming",00,56
570577.0,380101.0,379573.0,358273.0,21300.0,528.0,190476.0,"Congressional District 1 (115th Congress), Wisconsin",01,55
601673.0,428237.0,427879.0,410699.0,17180.0,358.0,173436.0,"Congressional District 2 (115th Congress), Wisconsin",02,55
583140.0,382787.0,382198.0,365952.0,16246.0,589.0,200353.0,"Congressional District 3 (115th Congress), Wisconsin",03,55
552642.0,359446.0,359294.0,329732.0,29562.0,152.0,193196.0,"Congressional District 4 (115th Congress), Wisconsin",04,55
577688.0,379995.0,379700.0,364920.0,14780.0,295.0,197693.0,"Congressional District 6 (115th Congress), Wisconsin",06,55
570878.0,365202.0,364882.0,348939.0,15943.0,320.0,205676.0,"Congressional District 7 (115th Congress), Wisconsin",07,55
577531.0,391148.0,390985.0,375771.0,15214.0,163.0,186383.0,"Congressional District 8 (115th Congress), Wisconsin",08,55
2836284.0,1262220.0,1260733.0,1040136.0,220597.0,1487.0,1574064.0,"Resident Commissioner District (at Large) (115th Congress), Puerto Rico",98,72
